entity;name;format;kind;path;relative;folders;depth;status;bytes;modified
ACM;PJU_9902030015_011000715122530.pdf;pdf;PDF;\\Uf11-a03\eids-eaa-pdf-statiques\ACCESSIBILITE\ACM\A TRAITER\ASS-PROTECTION-JUR\PJU_9902030015_011000715122530.pdf;A TRAITER\ASS-PROTECTION-JUR\PJU_9902030015_011000715122530.pdf;A TRAITER / ASS-PROTECTION-JUR;2;A TRAITER;1582099;2026-09-08T14:53:00.0000000Z
ACM;IRD_9902030015_011000527904321.pdf;pdf;PDF;\\Uf11-a03\eids-eaa-pdf-statiques\ACCESSIBILITE\ACM\A PUBLIER\ASS-BIENS\IRD_9902030015_011000527904321\IRD_9902030015_011000527904321.pdf;A PUBLIER\ASS-BIENS\IRD_9902030015_011000527904321\IRD_9902030015_011000527904321.pdf;A PUBLIER / ASS-BIENS / IRD_9902030015_011000527904321;3;Historique / publication;127886;2026-07-06T10:07:32.3607695Z
ACM;IRD_9902030015_011000527904322.pdf;pdf;PDF;\\Uf11-a03\eids-eaa-pdf-statiques\ACCESSIBILITE\ACM\A PUBLIER\ASS-BIENS\IRD_9902030015_011000527904322\IRD_9902030015_011000527904322.pdf;A PUBLIER\ASS-BIENS\IRD_9902030015_011000527904322\IRD_9902030015_011000527904322.pdf;A PUBLIER / ASS-BIENS / IRD_9902030015_011000527904322;3;Historique / publication;131743;2026-07-27T09:51:21.3338634Z
ACM;IRD_9902030015_011000527904322.pdf;pdf;PDF;\\Uf11-a03\eids-eaa-pdf-statiques\ACCESSIBILITE\ACM\A PUBLIER\ASS-BIENS\IRD_9902030015_011000527904322_V2\IRD_9902030015_011000527904322.pdf;A PUBLIER\ASS-BIENS\IRD_9902030015_011000527904322_V2\IRD_9902030015_011000527904322.pdf;A PUBLIER / ASS-BIENS / IRD_9902030015_011000527904322_V2;3;Historique / publication;131743;2026-07-27T09:51:21.3338634Z
ACM;IRD_9902030015_011000527904323.pdf;pdf;PDF;\\Uf11-a03\eids-eaa-pdf-statiques\ACCESSIBILITE\ACM\A PUBLIER\ASS-BIENS\IRD_9902030015_011000527904323\IRD_9902030015_011000527904323.pdf;A PUBLIER\ASS-BIENS\IRD_9902030015_011000527904323\IRD_9902030015_011000527904323.pdf;A PUBLIER / ASS-BIENS / IRD_9902030015_011000527904323;3;Historique / publication;172461;2026-07-07T08:35:41.7326151Z
ACM;IRD_9902030015_011000527904324.pdf;pdf;PDF;\\Uf11-a03\eids-eaa-pdf-statiques\ACCESSIBILITE\ACM\A PUBLIER\ASS-BIENS\IRD_9902030015_011000527904324\IRD_9902030015_011000527904324.pdf;A PUBLIER\ASS-BIENS\IRD_9902030015_011000527904324\IRD_9902030015_011000527904324.pdf;A PUBLIER / ASS-BIENS / IRD_9902030015_011000527904324;3;Historique / publication;161709;2026-07-07T09:54:45.6783314Z
ACM;IRD_9902030015_011000527904324.pdf;pdf;PDF;\\Uf11-a03\eids-eaa-pdf-statiques\ACCESSIBILITE\ACM\A PUBLIER\ASS-BIENS\IRD_9902030015_011000527904324 Version 2\IRD_9902030015_011000527904324.pdf;A PUBLIER\ASS-BIENS\IRD_9902030015_011000527904324 Version 2\IRD_9902030015_011000527904324.pdf;A PUBLIER / ASS-BIENS / IRD_9902030015_011000527904324 Version 2;3;Historique / publication;208230;2026-07-27T09:50:07.7169532Z
ACM;IRD_9902030015_011000527904325.pdf;pdf;PDF;\\Uf11-a03\eids-eaa-pdf-statiques\ACCESSIBILITE\ACM\A PUBLIER\ASS-BIENS\IRD_9902030015_011000527904325\IRD_9902030015_011000527904325.pdf;A PUBLIER\ASS-BIENS\IRD_9902030015_011000527904325\IRD_9902030015_011000527904325.pdf;A PUBLIER / ASS-BIENS / IRD_9902030015_011000527904325;3;Historique / publication;236951;2026-07-08T15:05:29.7620862Z
ACM;IRD_9902030015_011000527904325.pdf;pdf;PDF;\\Uf11-a03\eids-eaa-pdf-statiques\ACCESSIBILITE\ACM\A PUBLIER\ASS-BIENS\IRD_9902030015_011000527904325 version 2\IRD_9902030015_011000527904325.pdf;A PUBLIER\ASS-BIENS\IRD_9902030015_011000527904325 version 2\IRD_9902030015_011000527904325.pdf;A PUBLIER / ASS-BIENS / IRD_9902030015_011000527904325 version 2;3;Historique / publication;211495;2026-07-28T08:10:36.1131155Z
ACM;IRD_9902030015_011000527904326.pdf;pdf;PDF;\\Uf11-a03\eids-eaa-pdf-statiques\ACCESSIBILITE\ACM\A PUBLIER\ASS-BIENS\IRD_9902030015_011000527904326\IRD_9902030015_011000527904326.pdf;A PUBLIER\ASS-BIENS\IRD_9902030015_011000527904326\IRD_9902030015_011000527904326.pdf;A PUBLIER / ASS-BIENS / IRD_9902030015_011000527904326;3;Historique / publication;130488;2026-07-08T09:57:01.9547087Z
ACM;IRD_9902030015_011000527904326.pdf;pdf;PDF;\\Uf11-a03\eids-eaa-pdf-statiques\ACCESSIBILITE\ACM\A PUBLIER\ASS-BIENS\IRD_9902030015_011000527904326_V2\IRD_9902030015_011000527904326.pdf;A PUBLIER\ASS-BIENS\IRD_9902030015_011000527904326_V2\IRD_9902030015_011000527904326.pdf;A PUBLIER / ASS-BIENS / IRD_9902030015_011000527904326_V2;3;Historique / publication;135407;2026-07-28T09:51:02.1784855Z
ACM;IRD_9902030015_011000527904327.pdf;pdf;PDF;\\Uf11-a03\eids-eaa-pdf-statiques\ACCESSIBILITE\ACM\A PUBLIER\ASS-BIENS\IRD_9902030015_011000527904327\IRD_9902030015_011000527904327.pdf;A PUBLIER\ASS-BIENS\IRD_9902030015_011000527904327\IRD_9902030015_011000527904327.pdf;A PUBLIER / ASS-BIENS / IRD_9902030015_011000527904327;3;Historique / publication;237344;2026-07-08T07:39:11.3687104Z
ACM;IRD_9902030015_011000527904327.pdf;pdf;PDF;\\Uf11-a03\eids-eaa-pdf-statiques\ACCESSIBILITE\ACM\A PUBLIER\ASS-BIENS\IRD_9902030015_011000527904327_v2\IRD_9902030015_011000527904327.pdf;A PUBLIER\ASS-BIENS\IRD_9902030015_011000527904327_v2\IRD_9902030015_011000527904327.pdf;A PUBLIER / ASS-BIENS / IRD_9902030015_011000527904327_v2;3;Historique / publication;242368;2026-07-28T08:05:37.4346843Z
ACM;IRD_9902030015_011000527904328.pdf;pdf;PDF;\\Uf11-a03\eids-eaa-pdf-statiques\ACCESSIBILITE\ACM\A PUBLIER\ASS-BIENS\IRD_9902030015_011000527904328_v2\IRD_9902030015_011000527904328.pdf;A PUBLIER\ASS-BIENS\IRD_9902030015_011000527904328_v2\IRD_9902030015_011000527904328.pdf;A PUBLIER / ASS-BIENS / IRD_9902030015_011000527904328_v2;3;Historique / publication;231869;2026-07-28T08:16:49.3330908Z
ACM;IRD_9902030015_011000527904330.pdf;pdf;PDF;\\Uf11-a03\eids-eaa-pdf-statiques\ACCESSIBILITE\ACM\A PUBLIER\ASS-BIENS\IRD_9902030015_011000527904330\IRD_9902030015_011000527904330.pdf;A PUBLIER\ASS-BIENS\IRD_9902030015_011000527904330\IRD_9902030015_011000527904330.pdf;A PUBLIER / ASS-BIENS / IRD_9902030015_011000527904330;3;Historique / publication;144508;2026-07-09T09:25:36.2598336Z
ACM;IRD_9902030015_011000527904330.pdf;pdf;PDF;\\Uf11-a03\eids-eaa-pdf-statiques\ACCESSIBILITE\ACM\A PUBLIER\ASS-BIENS\IRD_9902030015_011000527904330 v2\IRD_9902030015_011000527904330.pdf;A PUBLIER\ASS-BIENS\IRD_9902030015_011000527904330 v2\IRD_9902030015_011000527904330.pdf;A PUBLIER / ASS-BIENS / IRD_9902030015_011000527904330 v2;3;Historique / publication;228535;2026-07-28T15:36:06.4462493Z
ACM;IRD_9902030015_011000527904331.pdf;pdf;PDF;\\Uf11-a03\eids-eaa-pdf-statiques\ACCESSIBILITE\ACM\A PUBLIER\ASS-BIENS\IRD_9902030015_011000527904331\IRD_9902030015_011000527904331.pdf;A PUBLIER\ASS-BIENS\IRD_9902030015_011000527904331\IRD_9902030015_011000527904331.pdf;A PUBLIER / ASS-BIENS / IRD_9902030015_011000527904331;3;Historique / publication;288078;2026-07-09T11:56:11.8440276Z
ACM;IRD_9902030015_011000527904331.pdf;pdf;PDF;\\Uf11-a03\eids-eaa-pdf-statiques\ACCESSIBILITE\ACM\A PUBLIER\ASS-BIENS\IRD_9902030015_011000527904331_v2\IRD_9902030015_011000527904331.pdf;A PUBLIER\ASS-BIENS\IRD_9902030015_011000527904331_v2\IRD_9902030015_011000527904331.pdf;A PUBLIER / ASS-BIENS / IRD_9902030015_011000527904331_v2;3;Historique / publication;133596;2026-07-28T14:51:21.0795768Z
ACM;IRD_9902030015_011000527904332.pdf;pdf;PDF;\\Uf11-a03\eids-eaa-pdf-statiques\ACCESSIBILITE\ACM\A PUBLIER\ASS-BIENS\IRD_9902030015_011000527904332\IRD_9902030015_011000527904332.pdf;A PUBLIER\ASS-BIENS\IRD_9902030015_011000527904332\IRD_9902030015_011000527904332.pdf;A PUBLIER / ASS-BIENS / IRD_9902030015_011000527904332;3;Historique / publication;255836;2026-07-09T07:54:43.6950878Z
ACM;IRD_9902030015_011000527904332.pdf;pdf;PDF;\\Uf11-a03\eids-eaa-pdf-statiques\ACCESSIBILITE\ACM\A PUBLIER\ASS-BIENS\IRD_9902030015_011000527904332_v2\IRD_9902030015_011000527904332.pdf;A PUBLIER\ASS-BIENS\IRD_9902030015_011000527904332_v2\IRD_9902030015_011000527904332.pdf;A PUBLIER / ASS-BIENS / IRD_9902030015_011000527904332_v2;3;Historique / publication;76808;2026-07-29T07:20:43.3064930Z
ACM;IRD_9902030015_011000527904335.pdf;pdf;PDF;\\Uf11-a03\eids-eaa-pdf-statiques\ACCESSIBILITE\ACM\A PUBLIER\ASS-BIENS\IRD_9902030015_011000527904335\IRD_9902030015_011000527904335.pdf;A PUBLIER\ASS-BIENS\IRD_9902030015_011000527904335\IRD_9902030015_011000527904335.pdf;A PUBLIER / ASS-BIENS / IRD_9902030015_011000527904335;3;Historique / publication;293671;2026-07-29T07:44:56.1287101Z
ACM;IRD_9902030015_011000527904336.pdf;pdf;PDF;\\Uf11-a03\eids-eaa-pdf-statiques\ACCESSIBILITE\ACM\A PUBLIER\ASS-BIENS\IRD_9902030015_011000527904336\IRD_9902030015_011000527904336.pdf;A PUBLIER\ASS-BIENS\IRD_9902030015_011000527904336\IRD_9902030015_011000527904336.pdf;A PUBLIER / ASS-BIENS / IRD_9902030015_011000527904336;3;Historique / publication;258773;2026-07-29T11:38:19.5377078Z
ACM;IRD_9902030015_011000527904337.pdf;pdf;PDF;\\Uf11-a03\eids-eaa-pdf-statiques\ACCESSIBILITE\ACM\A PUBLIER\ASS-BIENS\IRD_9902030015_011000527904337\IRD_9902030015_011000527904337.pdf;A PUBLIER\ASS-BIENS\IRD_9902030015_011000527904337\IRD_9902030015_011000527904337.pdf;A PUBLIER / ASS-BIENS / IRD_9902030015_011000527904337;3;Historique / publication;206044;2026-07-30T10:57:54.0062217Z
ACM;IRD_9902030015_011000527904338.pdf;pdf;PDF;\\Uf11-a03\eids-eaa-pdf-statiques\ACCESSIBILITE\ACM\A PUBLIER\ASS-BIENS\IRD_9902030015_011000527904338\IRD_9902030015_011000527904338.pdf;A PUBLIER\ASS-BIENS\IRD_9902030015_011000527904338\IRD_9902030015_011000527904338.pdf;A PUBLIER / ASS-BIENS / IRD_9902030015_011000527904338;3;Historique / publication;197223;2026-07-30T08:03:01.4789508Z
ACM;IRD_9902030015_011000527904340.pdf;pdf;PDF;\\Uf11-a03\eids-eaa-pdf-statiques\ACCESSIBILITE\ACM\A PUBLIER\ASS-BIENS\IRD_9902030015_011000527904340\IRD_9902030015_011000527904340.pdf;A PUBLIER\ASS-BIENS\IRD_9902030015_011000527904340\IRD_9902030015_011000527904340.pdf;A PUBLIER / ASS-BIENS / IRD_9902030015_011000527904340;3;Historique / publication;404800;2026-07-30T15:12:46.9205719Z
ACM;IRD_9902030015_011000527904341.pdf;pdf;PDF;\\Uf11-a03\eids-eaa-pdf-statiques\ACCESSIBILITE\ACM\A PUBLIER\ASS-BIENS\IRD_9902030015_011000527904341\IRD_9902030015_011000527904341.pdf;A PUBLIER\ASS-BIENS\IRD_9902030015_011000527904341\IRD_9902030015_011000527904341.pdf;A PUBLIER / ASS-BIENS / IRD_9902030015_011000527904341;3;Historique / publication;232176;2026-07-30T15:50:29.5948774Z
ACM;IRD_9902030015_011000527904343.pdf;pdf;PDF;\\Uf11-a03\eids-eaa-pdf-statiques\ACCESSIBILITE\ACM\A PUBLIER\ASS-BIENS\IRD_9902030015_011000527904343\IRD_9902030015_011000527904343.pdf;A PUBLIER\ASS-BIENS\IRD_9902030015_011000527904343\IRD_9902030015_011000527904343.pdf;A PUBLIER / ASS-BIENS / IRD_9902030015_011000527904343;3;Historique / publication;208093;2026-07-30T16:11:44.1766491Z
ACM;IRD_9902030015_011000527904344.pdf;pdf;PDF;\\Uf11-a03\eids-eaa-pdf-statiques\ACCESSIBILITE\ACM\A PUBLIER\ASS-BIENS\IRD_9902030015_011000527904344\IRD_9902030015_011000527904344.pdf;A PUBLIER\ASS-BIENS\IRD_9902030015_011000527904344\IRD_9902030015_011000527904344.pdf;A PUBLIER / ASS-BIENS / IRD_9902030015_011000527904344;3;Historique / publication;129450;2026-07-31T09:25:51.4019962Z
ACM;IRD_9902030015_011000527904345.pdf;pdf;PDF;\\Uf11-a03\eids-eaa-pdf-statiques\ACCESSIBILITE\ACM\A PUBLIER\ASS-BIENS\IRD_9902030015_011000527904345\IRD_9902030015_011000527904345.pdf;A PUBLIER\ASS-BIENS\IRD_9902030015_011000527904345\IRD_9902030015_011000527904345.pdf;A PUBLIER / ASS-BIENS / IRD_9902030015_011000527904345;3;Historique / publication;256939;2026-07-31T07:35:30.1353998Z
ACM;IRD_9902030015_011000532733492.pdf;pdf;PDF;\\Uf11-a03\eids-eaa-pdf-statiques\ACCESSIBILITE\ACM\A PUBLIER\ASS-BIENS\IRD_9902030015_011000532733492\IRD_9902030015_011000532733492.pdf;A PUBLIER\ASS-BIENS\IRD_9902030015_011000532733492\IRD_9902030015_011000532733492.pdf;A PUBLIER / ASS-BIENS / IRD_9902030015_011000532733492;3;Historique / publication;134128;2026-07-02T09:33:17.5940140Z
ACM;IRD_9902030015_011000533097077.pdf;pdf;PDF;\\Uf11-a03\eids-eaa-pdf-statiques\ACCESSIBILITE\ACM\A PUBLIER\ASS-BIENS\IRD_9902030015_011000533097077\IRD_9902030015_011000533097077.pdf;A PUBLIER\ASS-BIENS\IRD_9902030015_011000533097077\IRD_9902030015_011000533097077.pdf;A PUBLIER / ASS-BIENS / IRD_9902030015_011000533097077;3;Historique / publication;170675;2026-07-31T15:54:20.3874804Z
ACM;IRD_9902030015_011000540203887.pdf;pdf;PDF;\\Uf11-a03\eids-eaa-pdf-statiques\ACCESSIBILITE\ACM\A PUBLIER\ASS-BIENS\IRD_9902030015_011000540203887\IRD_9902030015_011000540203887.pdf;A PUBLIER\ASS-BIENS\IRD_9902030015_011000540203887\IRD_9902030015_011000540203887.pdf;A PUBLIER / ASS-BIENS / IRD_9902030015_011000540203887;3;Historique / publication;126294;2026-07-02T09:20:05.3813001Z
ACM;IRD_9902030015_011000540204133.pdf;pdf;PDF;\\Uf11-a03\eids-eaa-pdf-statiques\ACCESSIBILITE\ACM\A PUBLIER\ASS-BIENS\IRD_9902030015_011000540204133\IRD_9902030015_011000540204133.pdf;A PUBLIER\ASS-BIENS\IRD_9902030015_011000540204133\IRD_9902030015_011000540204133.pdf;A PUBLIER / ASS-BIENS / IRD_9902030015_011000540204133;3;Historique / publication;473810;2026-07-02T09:29:03.6049021Z
ACM;IRD_9902030015_011000540204134.pdf;pdf;PDF;\\Uf11-a03\eids-eaa-pdf-statiques\ACCESSIBILITE\ACM\A PUBLIER\ASS-BIENS\IRD_9902030015_011000540204134\IRD_9902030015_011000540204134.pdf;A PUBLIER\ASS-BIENS\IRD_9902030015_011000540204134\IRD_9902030015_011000540204134.pdf;A PUBLIER / ASS-BIENS / IRD_9902030015_011000540204134;3;Historique / publication;233374;2026-07-31T09:48:57.9217565Z
ACM;IRD_9902030015_011000586849367.pdf;pdf;PDF;\\Uf11-a03\eids-eaa-pdf-statiques\ACCESSIBILITE\ACM\A PUBLIER\ASS-BIENS\IRD_9902030015_011000586849367\IRD_9902030015_011000586849367.pdf;A PUBLIER\ASS-BIENS\IRD_9902030015_011000586849367\IRD_9902030015_011000586849367.pdf;A PUBLIER / ASS-BIENS / IRD_9902030015_011000586849367;3;Historique / publication;362740;2026-08-03T10:58:00.4176755Z
ACM;IRD_9902030015_011000586849368.pdf;pdf;PDF;\\Uf11-a03\eids-eaa-pdf-statiques\ACCESSIBILITE\ACM\A PUBLIER\ASS-BIENS\IRD_9902030015_011000586849368\IRD_9902030015_011000586849368.pdf;A PUBLIER\ASS-BIENS\IRD_9902030015_011000586849368\IRD_9902030015_011000586849368.pdf;A PUBLIER / ASS-BIENS / IRD_9902030015_011000586849368;3;Historique / publication;277348;2026-08-03T10:07:19.0213249Z
ACM;IRD_9902030015_011000586849369.pdf;pdf;PDF;\\Uf11-a03\eids-eaa-pdf-statiques\ACCESSIBILITE\ACM\A PUBLIER\ASS-BIENS\IRD_9902030015_011000586849369\IRD_9902030015_011000586849369.pdf;A PUBLIER\ASS-BIENS\IRD_9902030015_011000586849369\IRD_9902030015_011000586849369.pdf;A PUBLIER / ASS-BIENS / IRD_9902030015_011000586849369;3;Historique / publication;442378;2026-08-03T13:11:43.4494352Z
ACM;IRD_9902030015_011000625586062.pdf;pdf;PDF;\\Uf11-a03\eids-eaa-pdf-statiques\ACCESSIBILITE\ACM\A PUBLIER\ASS-BIENS\IRD_9902030015_011000625586062\IRD_9902030015_011000625586062.pdf;A PUBLIER\ASS-BIENS\IRD_9902030015_011000625586062\IRD_9902030015_011000625586062.pdf;A PUBLIER / ASS-BIENS / IRD_9902030015_011000625586062;3;Historique / publication;275129;2026-07-31T14:12:05.2587594Z
ACM;IRD_9902030015_011000625586070.pdf;pdf;PDF;\\Uf11-a03\eids-eaa-pdf-statiques\ACCESSIBILITE\ACM\A PUBLIER\ASS-BIENS\IRD_9902030015_011000625586070\IRD_9902030015_011000625586070.pdf;A PUBLIER\ASS-BIENS\IRD_9902030015_011000625586070\IRD_9902030015_011000625586070.pdf;A PUBLIER / ASS-BIENS / IRD_9902030015_011000625586070;3;Historique / publication;247883;2026-08-27T08:17:52.6469883Z
ACM;IRD_9902030015_011000625586072.pdf;pdf;PDF;\\Uf11-a03\eids-eaa-pdf-statiques\ACCESSIBILITE\ACM\A PUBLIER\ASS-BIENS\IRD_9902030015_011000625586072\IRD_9902030015_011000625586072.pdf;A PUBLIER\ASS-BIENS\IRD_9902030015_011000625586072\IRD_9902030015_011000625586072.pdf;A PUBLIER / ASS-BIENS / IRD_9902030015_011000625586072;3;Historique / publication;1228954;2026-08-10T13:07:54.8660600Z
ACM;IRD_9902030015_011000625586073.pdf;pdf;PDF;\\Uf11-a03\eids-eaa-pdf-statiques\ACCESSIBILITE\ACM\A PUBLIER\ASS-BIENS\IRD_9902030015_011000625586073\IRD_9902030015_011000625586073.pdf;A PUBLIER\ASS-BIENS\IRD_9902030015_011000625586073\IRD_9902030015_011000625586073.pdf;A PUBLIER / ASS-BIENS / IRD_9902030015_011000625586073;3;Historique / publication;1436829;2026-08-07T10:57:52.1685060Z
ACM;IRD_9902030015_011000625586075.pdf;pdf;PDF;\\Uf11-a03\eids-eaa-pdf-statiques\ACCESSIBILITE\ACM\A PUBLIER\ASS-BIENS\IRD_9902030015_011000625586075\IRD_9902030015_011000625586075.pdf;A PUBLIER\ASS-BIENS\IRD_9902030015_011000625586075\IRD_9902030015_011000625586075.pdf;A PUBLIER / ASS-BIENS / IRD_9902030015_011000625586075;3;Historique / publication;627890;2026-08-10T14:16:18.9855250Z
ACM;IRD_9902030015_011000625586076.pdf;pdf;PDF;\\Uf11-a03\eids-eaa-pdf-statiques\ACCESSIBILITE\ACM\A PUBLIER\ASS-BIENS\IRD_9902030015_011000625586076\IRD_9902030015_011000625586076.pdf;A PUBLIER\ASS-BIENS\IRD_9902030015_011000625586076\IRD_9902030015_011000625586076.pdf;A PUBLIER / ASS-BIENS / IRD_9902030015_011000625586076;3;Historique / publication;253213;2026-08-24T13:25:02.7879510Z
ACM;IRD_9902030015_011000625586081.pdf;pdf;PDF;\\Uf11-a03\eids-eaa-pdf-statiques\ACCESSIBILITE\ACM\A PUBLIER\ASS-BIENS\IRD_9902030015_011000625586081\IRD_9902030015_011000625586081.pdf;A PUBLIER\ASS-BIENS\IRD_9902030015_011000625586081\IRD_9902030015_011000625586081.pdf;A PUBLIER / ASS-BIENS / IRD_9902030015_011000625586081;3;Historique / publication;1089503;2026-08-07T11:11:55.2402641Z
ACM;IRD_9902030015_011000625586084.pdf;pdf;PDF;\\Uf11-a03\eids-eaa-pdf-statiques\ACCESSIBILITE\ACM\A PUBLIER\ASS-BIENS\IRD_9902030015_011000625586084\IRD_9902030015_011000625586084.pdf;A PUBLIER\ASS-BIENS\IRD_9902030015_011000625586084\IRD_9902030015_011000625586084.pdf;A PUBLIER / ASS-BIENS / IRD_9902030015_011000625586084;3;Historique / publication;282812;2026-08-05T09:04:50.2152464Z
ACM;IRD_9902030015_011000625586085.pdf;pdf;PDF;\\Uf11-a03\eids-eaa-pdf-statiques\ACCESSIBILITE\ACM\A PUBLIER\ASS-BIENS\IRD_9902030015_011000625586085\IRD_9902030015_011000625586085.pdf;A PUBLIER\ASS-BIENS\IRD_9902030015_011000625586085\IRD_9902030015_011000625586085.pdf;A PUBLIER / ASS-BIENS / IRD_9902030015_011000625586085;3;Historique / publication;306482;2026-08-07T08:04:13.6862527Z
ACM;IRD_9902030015_011000625586088.pdf;pdf;PDF;\\Uf11-a03\eids-eaa-pdf-statiques\ACCESSIBILITE\ACM\A PUBLIER\ASS-BIENS\IRD_9902030015_011000625586088\IRD_9902030015_011000625586088.pdf;A PUBLIER\ASS-BIENS\IRD_9902030015_011000625586088\IRD_9902030015_011000625586088.pdf;A PUBLIER / ASS-BIENS / IRD_9902030015_011000625586088;3;Historique / publication;298255;2026-08-07T10:31:36.0276910Z
ACM;IRD_9902030015_011000625586090.pdf;pdf;PDF;\\Uf11-a03\eids-eaa-pdf-statiques\ACCESSIBILITE\ACM\A PUBLIER\ASS-BIENS\IRD_9902030015_011000625586090\IRD_9902030015_011000625586090.pdf;A PUBLIER\ASS-BIENS\IRD_9902030015_011000625586090\IRD_9902030015_011000625586090.pdf;A PUBLIER / ASS-BIENS / IRD_9902030015_011000625586090;3;Historique / publication;242103;2026-08-25T14:58:10.1651713Z
ACM;IRD_9902030015_011000625586103.pdf;pdf;PDF;\\Uf11-a03\eids-eaa-pdf-statiques\ACCESSIBILITE\ACM\A PUBLIER\ASS-BIENS\IRD_9902030015_011000625586103\IRD_9902030015_011000625586103.pdf;A PUBLIER\ASS-BIENS\IRD_9902030015_011000625586103\IRD_9902030015_011000625586103.pdf;A PUBLIER / ASS-BIENS / IRD_9902030015_011000625586103;3;Historique / publication;242678;2026-08-20T16:36:15.9242207Z
ACM;IRD_9902030015_011000625586104.pdf;pdf;PDF;\\Uf11-a03\eids-eaa-pdf-statiques\ACCESSIBILITE\ACM\A PUBLIER\ASS-BIENS\IRD_9902030015_011000625586104\IRD_9902030015_011000625586104.pdf;A PUBLIER\ASS-BIENS\IRD_9902030015_011000625586104\IRD_9902030015_011000625586104.pdf;A PUBLIER / ASS-BIENS / IRD_9902030015_011000625586104;3;Historique / publication;275906;2026-08-26T16:23:57.4134263Z
ACM;IRD_9902030015_011000625586106.pdf;pdf;PDF;\\Uf11-a03\eids-eaa-pdf-statiques\ACCESSIBILITE\ACM\A PUBLIER\ASS-BIENS\IRD_9902030015_011000625586106\IRD_9902030015_011000625586106.pdf;A PUBLIER\ASS-BIENS\IRD_9902030015_011000625586106\IRD_9902030015_011000625586106.pdf;A PUBLIER / ASS-BIENS / IRD_9902030015_011000625586106;3;Historique / publication;1024516;2026-08-07T10:44:14.8124943Z
ACM;IRD_9902030015_011000625586107.pdf;pdf;PDF;\\Uf11-a03\eids-eaa-pdf-statiques\ACCESSIBILITE\ACM\A PUBLIER\ASS-BIENS\IRD_9902030015_011000625586107\IRD_9902030015_011000625586107.pdf;A PUBLIER\ASS-BIENS\IRD_9902030015_011000625586107\IRD_9902030015_011000625586107.pdf;A PUBLIER / ASS-BIENS / IRD_9902030015_011000625586107;3;Historique / publication;282923;2026-08-10T13:57:52.0444220Z
ACM;IRD_9902030015_011000625586109.pdf;pdf;PDF;\\Uf11-a03\eids-eaa-pdf-statiques\ACCESSIBILITE\ACM\A PUBLIER\ASS-BIENS\IRD_9902030015_011000625586109\IRD_9902030015_011000625586109.pdf;A PUBLIER\ASS-BIENS\IRD_9902030015_011000625586109\IRD_9902030015_011000625586109.pdf;A PUBLIER / ASS-BIENS / IRD_9902030015_011000625586109;3;Historique / publication;281389;2026-08-10T14:18:08.0154042Z
ACM;IRD_9902030015_011000625586110.pdf;pdf;PDF;\\Uf11-a03\eids-eaa-pdf-statiques\ACCESSIBILITE\ACM\A PUBLIER\ASS-BIENS\IRD_9902030015_011000625586110\IRD_9902030015_011000625586110.pdf;A PUBLIER\ASS-BIENS\IRD_9902030015_011000625586110\IRD_9902030015_011000625586110.pdf;A PUBLIER / ASS-BIENS / IRD_9902030015_011000625586110;3;Historique / publication;231970;2026-08-25T09:17:27.4695437Z
ACM;IRD_9902030015_011000763037257.pdf;pdf;PDF;\\Uf11-a03\eids-eaa-pdf-statiques\ACCESSIBILITE\ACM\A PUBLIER\ASS-BIENS\IRD_9902030015_011000763037257\IRD_9902030015_011000763037257.pdf;A PUBLIER\ASS-BIENS\IRD_9902030015_011000763037257\IRD_9902030015_011000763037257.pdf;A PUBLIER / ASS-BIENS / IRD_9902030015_011000763037257;3;Historique / publication;268251;2026-08-24T07:09:56.7660250Z
ACM;IRD_9902030015_011000763037258.pdf;pdf;PDF;\\Uf11-a03\eids-eaa-pdf-statiques\ACCESSIBILITE\ACM\A PUBLIER\ASS-BIENS\IRD_9902030015_011000763037258\IRD_9902030015_011000763037258.pdf;A PUBLIER\ASS-BIENS\IRD_9902030015_011000763037258\IRD_9902030015_011000763037258.pdf;A PUBLIER / ASS-BIENS / IRD_9902030015_011000763037258;3;Historique / publication;383669;2026-08-21T13:10:36.3763465Z
ACM;IRD_9902030015_011000882672599.pdf;pdf;PDF;\\Uf11-a03\eids-eaa-pdf-statiques\ACCESSIBILITE\ACM\A PUBLIER\ASS-BIENS\IRD_9902030015_011000882672599\IRD_9902030015_011000882672599.pdf;A PUBLIER\ASS-BIENS\IRD_9902030015_011000882672599\IRD_9902030015_011000882672599.pdf;A PUBLIER / ASS-BIENS / IRD_9902030015_011000882672599;3;Historique / publication;331647;2026-07-13T10:24:45.4611302Z
ACM;IRD_9902030015_011000882672600.pdf;pdf;PDF;\\Uf11-a03\eids-eaa-pdf-statiques\ACCESSIBILITE\ACM\A PUBLIER\ASS-BIENS\IRD_9902030015_011000882672600\IRD_9902030015_011000882672600.pdf;A PUBLIER\ASS-BIENS\IRD_9902030015_011000882672600\IRD_9902030015_011000882672600.pdf;A PUBLIER / ASS-BIENS / IRD_9902030015_011000882672600;3;Historique / publication;441819;2026-07-10T15:53:26.9885915Z
ACM;EMP_9902030152_011000758125238.pdf;pdf;PDF;\\Uf11-a03\eids-eaa-pdf-statiques\ACCESSIBILITE\ACM\A PUBLIER\ASS-EMPRUNTEURS\EMP_9902030152_011000758125238\EMP_9902030152_011000758125238.pdf;A PUBLIER\ASS-EMPRUNTEURS\EMP_9902030152_011000758125238\EMP_9902030152_011000758125238.pdf;A PUBLIER / ASS-EMPRUNTEURS / EMP_9902030152_011000758125238;3;Historique / publication;473861;2026-02-27T12:38:54.6774761Z
ACM;EMP_9902030152_011000767923078.pdf;pdf;PDF;\\Uf11-a03\eids-eaa-pdf-statiques\ACCESSIBILITE\ACM\A PUBLIER\ASS-EMPRUNTEURS\EMP_9902030152_011000767923078\EMP_9902030152_011000767923078.pdf;A PUBLIER\ASS-EMPRUNTEURS\EMP_9902030152_011000767923078\EMP_9902030152_011000767923078.pdf;A PUBLIER / ASS-EMPRUNTEURS / EMP_9902030152_011000767923078;3;Historique / publication;418170;2026-02-27T12:53:30.0060459Z
ACM;EMP_9902030152_011000767923080.pdf;pdf;PDF;\\Uf11-a03\eids-eaa-pdf-statiques\ACCESSIBILITE\ACM\A PUBLIER\ASS-EMPRUNTEURS\EMP_9902030152_011000767923080\EMP_9902030152_011000767923080.pdf;A PUBLIER\ASS-EMPRUNTEURS\EMP_9902030152_011000767923080\EMP_9902030152_011000767923080.pdf;A PUBLIER / ASS-EMPRUNTEURS / EMP_9902030152_011000767923080;3;Historique / publication;465061;2026-02-27T12:50:06.5722119Z
ACM;REVERPSYA.pdf;pdf;PDF;\\Uf11-a03\eids-eaa-pdf-statiques\ACCESSIBILITE\ACM\A PUBLIER\ASS-INDEMN-BIENS-PERS\REVERPSYA\REVERPSYA.pdf;A PUBLIER\ASS-INDEMN-BIENS-PERS\REVERPSYA\REVERPSYA.pdf;A PUBLIER / ASS-INDEMN-BIENS-PERS / REVERPSYA;3;Historique / publication;151028;2026-06-19T15:14:36.8291542Z
ACM;COL_9902030091_0110006611497731.pdf;pdf;PDF;\\Uf11-a03\eids-eaa-pdf-statiques\ACCESSIBILITE\ACM\A PUBLIER\ASS-PERS-COLL\COL_9902030091_0110006611497731\COL_9902030091_0110006611497731.pdf;A PUBLIER\ASS-PERS-COLL\COL_9902030091_0110006611497731\COL_9902030091_0110006611497731.pdf;A PUBLIER / ASS-PERS-COLL / COL_9902030091_0110006611497731;3;Historique / publication;516819;2026-06-26T09:14:10.2773611Z
ACM;COL_9902030092_011000709664942.pdf;pdf;PDF;\\Uf11-a03\eids-eaa-pdf-statiques\ACCESSIBILITE\ACM\A PUBLIER\ASS-PERS-COLL\COL_9902030092_011000709664942\COL_9902030092_011000709664942.pdf;A PUBLIER\ASS-PERS-COLL\COL_9902030092_011000709664942\COL_9902030092_011000709664942.pdf;A PUBLIER / ASS-PERS-COLL / COL_9902030092_011000709664942;3;Historique / publication;122119;2026-06-29T08:02:34.1527446Z
ACM;COL_9902030098_011000733309323.pdf;pdf;PDF;\\Uf11-a03\eids-eaa-pdf-statiques\ACCESSIBILITE\ACM\A PUBLIER\ASS-PERS-COLL\COL_9902030098_011000733309323\COL_9902030098_011000733309323.pdf;A PUBLIER\ASS-PERS-COLL\COL_9902030098_011000733309323\COL_9902030098_011000733309323.pdf;A PUBLIER / ASS-PERS-COLL / COL_9902030098_011000733309323;3;Historique / publication;650734;2026-02-24T09:54:06.7432280Z
ACM;COL_9902030098_011000744004221.pdf;pdf;PDF;\\Uf11-a03\eids-eaa-pdf-statiques\ACCESSIBILITE\ACM\A PUBLIER\ASS-PERS-COLL\COL_9902030098_011000744004221\COL_9902030098_011000744004221.pdf;A PUBLIER\ASS-PERS-COLL\COL_9902030098_011000744004221\COL_9902030098_011000744004221.pdf;A PUBLIER / ASS-PERS-COLL / COL_9902030098_011000744004221;3;Historique / publication;153857;2026-02-24T09:50:44.8678203Z
ACM;COL_9902030098_011000764636583.pdf;pdf;PDF;\\Uf11-a03\eids-eaa-pdf-statiques\ACCESSIBILITE\ACM\A PUBLIER\ASS-PERS-COLL\COL_9902030098_011000764636583\COL_9902030098_011000764636583.pdf;A PUBLIER\ASS-PERS-COLL\COL_9902030098_011000764636583\COL_9902030098_011000764636583.pdf;A PUBLIER / ASS-PERS-COLL / COL_9902030098_011000764636583;3;Historique / publication;154616;2026-02-24T09:34:24.4200324Z
ACM;COL_9902030098_011000823633462.pdf;pdf;PDF;\\Uf11-a03\eids-eaa-pdf-statiques\ACCESSIBILITE\ACM\A PUBLIER\ASS-PERS-COLL\COL_9902030098_011000823633462\COL_9902030098_011000823633462.pdf;A PUBLIER\ASS-PERS-COLL\COL_9902030098_011000823633462\COL_9902030098_011000823633462.pdf;A PUBLIER / ASS-PERS-COLL / COL_9902030098_011000823633462;3;Historique / publication;306382;2026-06-30T13:12:36.8769740Z
ACM;COL_9902030098_011000823633463.pdf;pdf;PDF;\\Uf11-a03\eids-eaa-pdf-statiques\ACCESSIBILITE\ACM\A PUBLIER\ASS-PERS-COLL\COL_9902030098_011000823633463\COL_9902030098_011000823633463.pdf;A PUBLIER\ASS-PERS-COLL\COL_9902030098_011000823633463\COL_9902030098_011000823633463.pdf;A PUBLIER / ASS-PERS-COLL / COL_9902030098_011000823633463;3;Historique / publication;419866;2026-06-30T13:20:15.5601440Z
ACM;COL_9902030098_011000823633464.pdf;pdf;PDF;\\Uf11-a03\eids-eaa-pdf-statiques\ACCESSIBILITE\ACM\A PUBLIER\ASS-PERS-COLL\COL_9902030098_011000823633464\COL_9902030098_011000823633464.pdf;A PUBLIER\ASS-PERS-COLL\COL_9902030098_011000823633464\COL_9902030098_011000823633464.pdf;A PUBLIER / ASS-PERS-COLL / COL_9902030098_011000823633464;3;Historique / publication;868641;2026-06-30T13:01:13.6878117Z
ACM;COL_9902030098_011000823633465.pdf;pdf;PDF;\\Uf11-a03\eids-eaa-pdf-statiques\ACCESSIBILITE\ACM\A PUBLIER\ASS-PERS-COLL\COL_9902030098_011000823633465\COL_9902030098_011000823633465.pdf;A PUBLIER\ASS-PERS-COLL\COL_9902030098_011000823633465\COL_9902030098_011000823633465.pdf;A PUBLIER / ASS-PERS-COLL / COL_9902030098_011000823633465;3;Historique / publication;760432;2026-06-30T09:13:37.6520357Z
ACM;COL_9902030098_011000823633466.pdf;pdf;PDF;\\Uf11-a03\eids-eaa-pdf-statiques\ACCESSIBILITE\ACM\A PUBLIER\ASS-PERS-COLL\COL_9902030098_011000823633466\COL_9902030098_011000823633466.pdf;A PUBLIER\ASS-PERS-COLL\COL_9902030098_011000823633466\COL_9902030098_011000823633466.pdf;A PUBLIER / ASS-PERS-COLL / COL_9902030098_011000823633466;3;Historique / publication;934267;2026-06-30T14:58:35.7322634Z
ACM;COL_9902030098_011000823633467.pdf;pdf;PDF;\\Uf11-a03\eids-eaa-pdf-statiques\ACCESSIBILITE\ACM\A PUBLIER\ASS-PERS-COLL\COL_9902030098_011000823633467\COL_9902030098_011000823633467.pdf;A PUBLIER\ASS-PERS-COLL\COL_9902030098_011000823633467\COL_9902030098_011000823633467.pdf;A PUBLIER / ASS-PERS-COLL / COL_9902030098_011000823633467;3;Historique / publication;1035999;2026-07-01T07:54:52.9992453Z
ACM;IPID Complémentaire Santé Part 062026.pdf;pdf;PDF;\\Uf11-a03\eids-eaa-pdf-statiques\ACCESSIBILITE\ACM\A PUBLIER\ASS-PERS-IND\IPID Complémentaire Santé Part 062026\IPID Complémentaire Santé Part 062026.pdf;A PUBLIER\ASS-PERS-IND\IPID Complémentaire Santé Part 062026\IPID Complémentaire Santé Part 062026.pdf;A PUBLIER / ASS-PERS-IND / IPID Complémentaire Santé Part 062026;3;Historique / publication;269543;2026-06-26T09:36:19.2158475Z
ACM;P1_IPID_Cofidis-France_10-2026.pdf;pdf;PDF;\\Uf11-a03\eids-eaa-pdf-statiques\ACCESSIBILITE\ACM\A PUBLIER\ASS-PERS-IND\P1_IPID_Cofidis-France_10-2026\P1_IPID_Cofidis-France_10-2026.pdf;A PUBLIER\ASS-PERS-IND\P1_IPID_Cofidis-France_10-2026\P1_IPID_Cofidis-France_10-2026.pdf;A PUBLIER / ASS-PERS-IND / P1_IPID_Cofidis-France_10-2026;3;Historique / publication;176411;2026-06-08T11:22:56.6202888Z
ACM;P1_IPID_Monabanq_10-2026.pdf;pdf;PDF;\\Uf11-a03\eids-eaa-pdf-statiques\ACCESSIBILITE\ACM\A PUBLIER\ASS-PERS-IND\P1_IPID_Monabanq_10-2026\P1_IPID_Monabanq_10-2026.pdf;A PUBLIER\ASS-PERS-IND\P1_IPID_Monabanq_10-2026\P1_IPID_Monabanq_10-2026.pdf;A PUBLIER / ASS-PERS-IND / P1_IPID_Monabanq_10-2026;3;Historique / publication;198422;2026-06-08T08:25:45.3223708Z
ACM;P1_Notice_Cofidis-France_10-2026.pdf;pdf;PDF;\\Uf11-a03\eids-eaa-pdf-statiques\ACCESSIBILITE\ACM\A PUBLIER\ASS-PERS-IND\P1_Notice_Cofidis-France_10-2026\P1_Notice_Cofidis-France_10-2026.pdf;A PUBLIER\ASS-PERS-IND\P1_Notice_Cofidis-France_10-2026\P1_Notice_Cofidis-France_10-2026.pdf;A PUBLIER / ASS-PERS-IND / P1_Notice_Cofidis-France_10-2026;3;Historique / publication;361970;2026-06-08T14:39:24.2478898Z
ACM;P1_Notice_Monabanq_10-2026.pdf;pdf;PDF;\\Uf11-a03\eids-eaa-pdf-statiques\ACCESSIBILITE\ACM\A PUBLIER\ASS-PERS-IND\P1_Notice_Monabanq_10-2026\P1_Notice_Monabanq_10-2026.pdf;A PUBLIER\ASS-PERS-IND\P1_Notice_Monabanq_10-2026\P1_Notice_Monabanq_10-2026.pdf;A PUBLIER / ASS-PERS-IND / P1_Notice_Monabanq_10-2026;3;Historique / publication;512431;2026-06-08T15:30:08.3989024Z
ACM;P2_IPID_Cofidis-France_10-2026.pdf;pdf;PDF;\\Uf11-a03\eids-eaa-pdf-statiques\ACCESSIBILITE\ACM\A PUBLIER\ASS-PERS-IND\P2_IPID_Cofidis-France_10-2026\P2_IPID_Cofidis-France_10-2026.pdf;A PUBLIER\ASS-PERS-IND\P2_IPID_Cofidis-France_10-2026\P2_IPID_Cofidis-France_10-2026.pdf;A PUBLIER / ASS-PERS-IND / P2_IPID_Cofidis-France_10-2026;3;Historique / publication;215719;2026-06-09T07:46:16.1657480Z
ACM;P2_IPID_Monabanq_10-2026.pdf;pdf;PDF;\\Uf11-a03\eids-eaa-pdf-statiques\ACCESSIBILITE\ACM\A PUBLIER\ASS-PERS-IND\P2_IPID_Monabanq_10-2026\P2_IPID_Monabanq_10-2026.pdf;A PUBLIER\ASS-PERS-IND\P2_IPID_Monabanq_10-2026\P2_IPID_Monabanq_10-2026.pdf;A PUBLIER / ASS-PERS-IND / P2_IPID_Monabanq_10-2026;3;Historique / publication;208824;2026-06-08T16:17:44.0490966Z
ACM;PZ_IPID_ACM-IARD_06-2026.pdf;pdf;PDF;\\Uf11-a03\eids-eaa-pdf-statiques\ACCESSIBILITE\ACM\A PUBLIER\ASS-PERS-IND\PZ_IPID_ACM-IARD_06-2026\PZ_IPID_ACM-IARD_06-2026.pdf;A PUBLIER\ASS-PERS-IND\PZ_IPID_ACM-IARD_06-2026\PZ_IPID_ACM-IARD_06-2026.pdf;A PUBLIER / ASS-PERS-IND / PZ_IPID_ACM-IARD_06-2026;3;Historique / publication;220875;2026-06-08T16:22:42.6132729Z
ACM;SAN_9902020008_011000745243123.pdf;pdf;PDF;\\Uf11-a03\eids-eaa-pdf-statiques\ACCESSIBILITE\ACM\A PUBLIER\ASS-PERS-IND\SAN_9902020008_011000745243123\SAN_9902020008_011000745243123.pdf;A PUBLIER\ASS-PERS-IND\SAN_9902020008_011000745243123\SAN_9902020008_011000745243123.pdf;A PUBLIER / ASS-PERS-IND / SAN_9902020008_011000745243123;3;Historique / publication;600040;2026-02-25T10:14:34.1919989Z
ACM;SAN_9902020008_011000745243123.pdf;pdf;PDF;\\Uf11-a03\eids-eaa-pdf-statiques\ACCESSIBILITE\ACM\A PUBLIER\ASS-PERS-IND\SAN_9902020008_011000745243123-V2\SAN_9902020008_011000745243123.pdf;A PUBLIER\ASS-PERS-IND\SAN_9902020008_011000745243123-V2\SAN_9902020008_011000745243123.pdf;A PUBLIER / ASS-PERS-IND / SAN_9902020008_011000745243123-V2;3;Historique / publication;553518;2026-05-26T16:03:22.0867063Z
ACM;SAN_9902030030_011000710963634.pdf;pdf;PDF;\\Uf11-a03\eids-eaa-pdf-statiques\ACCESSIBILITE\ACM\A PUBLIER\ASS-PERS-IND\SAN_9902030030_011000710963634\SAN_9902030030_011000710963634.pdf;A PUBLIER\ASS-PERS-IND\SAN_9902030030_011000710963634\SAN_9902030030_011000710963634.pdf;A PUBLIER / ASS-PERS-IND / SAN_9902030030_011000710963634;3;Historique / publication;365841;2026-02-27T08:49:02.7964700Z
ACM;SAN_9902030030_011000710963677.pdf;pdf;PDF;\\Uf11-a03\eids-eaa-pdf-statiques\ACCESSIBILITE\ACM\A PUBLIER\ASS-PERS-IND\SAN_9902030030_011000710963677\SAN_9902030030_011000710963677.pdf;A PUBLIER\ASS-PERS-IND\SAN_9902030030_011000710963677\SAN_9902030030_011000710963677.pdf;A PUBLIER / ASS-PERS-IND / SAN_9902030030_011000710963677;3;Historique / publication;826287;2026-02-27T08:46:30.6484300Z
ACM;SAN_9902030030_011000710963708.pdf;pdf;PDF;\\Uf11-a03\eids-eaa-pdf-statiques\ACCESSIBILITE\ACM\A PUBLIER\ASS-PERS-IND\SAN_9902030030_011000710963708\SAN_9902030030_011000710963708.pdf;A PUBLIER\ASS-PERS-IND\SAN_9902030030_011000710963708\SAN_9902030030_011000710963708.pdf;A PUBLIER / ASS-PERS-IND / SAN_9902030030_011000710963708;3;Historique / publication;544637;2026-02-27T12:32:11.5443155Z
ACM;SAN_9902030032_011000745243124.pdf;pdf;PDF;\\Uf11-a03\eids-eaa-pdf-statiques\ACCESSIBILITE\ACM\A PUBLIER\ASS-PERS-IND\SAN_9902030032_011000745243124\SAN_9902030032_011000745243124.pdf;A PUBLIER\ASS-PERS-IND\SAN_9902030032_011000745243124\SAN_9902030032_011000745243124.pdf;A PUBLIER / ASS-PERS-IND / SAN_9902030032_011000745243124;3;Historique / publication;543603;2026-06-08T07:54:47.3593110Z
ACM;SAN_9902030040_011000804912294.pdf;pdf;PDF;\\Uf11-a03\eids-eaa-pdf-statiques\ACCESSIBILITE\ACM\A PUBLIER\ASS-PERS-IND\SAN_9902030040_011000804912294\SAN_9902030040_011000804912294.pdf;A PUBLIER\ASS-PERS-IND\SAN_9902030040_011000804912294\SAN_9902030040_011000804912294.pdf;A PUBLIER / ASS-PERS-IND / SAN_9902030040_011000804912294;3;Historique / publication;254938;2026-02-20T10:41:53.8268640Z
ACM;SAN_9902030040_011000804912412.pdf;pdf;PDF;\\Uf11-a03\eids-eaa-pdf-statiques\ACCESSIBILITE\ACM\A PUBLIER\ASS-PERS-IND\SAN_9902030040_011000804912412\SAN_9902030040_011000804912412.pdf;A PUBLIER\ASS-PERS-IND\SAN_9902030040_011000804912412\SAN_9902030040_011000804912412.pdf;A PUBLIER / ASS-PERS-IND / SAN_9902030040_011000804912412;3;Historique / publication;354959;2026-02-20T09:16:55.5209929Z
ACM;SAN_9902030040_011000804912506.pdf;pdf;PDF;\\Uf11-a03\eids-eaa-pdf-statiques\ACCESSIBILITE\ACM\A PUBLIER\ASS-PERS-IND\SAN_9902030040_011000804912506\SAN_9902030040_011000804912506.pdf;A PUBLIER\ASS-PERS-IND\SAN_9902030040_011000804912506\SAN_9902030040_011000804912506.pdf;A PUBLIER / ASS-PERS-IND / SAN_9902030040_011000804912506;3;Historique / publication;295333;2026-02-20T10:14:34.1444396Z
ACM;SAN_9902030053_011000789059347.pdf;pdf;PDF;\\Uf11-a03\eids-eaa-pdf-statiques\ACCESSIBILITE\ACM\A PUBLIER\ASS-PERS-IND\SAN_9902030053_011000789059347\SAN_9902030053_011000789059347.pdf;A PUBLIER\ASS-PERS-IND\SAN_9902030053_011000789059347\SAN_9902030053_011000789059347.pdf;A PUBLIER / ASS-PERS-IND / SAN_9902030053_011000789059347;3;Historique / publication;693003;2026-02-24T10:31:29.5252989Z
ACM;PJU_9902030015_011000715122529.pdf;pdf;PDF;\\Uf11-a03\eids-eaa-pdf-statiques\ACCESSIBILITE\ACM\A PUBLIER\ASS-PROTECTION-JUR\PJU_9902030015_011000715122529\PJU_9902030015_011000715122529.pdf;A PUBLIER\ASS-PROTECTION-JUR\PJU_9902030015_011000715122529\PJU_9902030015_011000715122529.pdf;A PUBLIER / ASS-PROTECTION-JUR / PJU_9902030015_011000715122529;3;Historique / publication;234922;2026-07-16T13:36:52.1382244Z
ACM;VIE_9902020013_011000879235090.pdf;pdf;PDF;\\Uf11-a03\eids-eaa-pdf-statiques\ACCESSIBILITE\ACM\A TRAITER\ASS-VIE-EPARGNE-RET\MONABANQ - VIE\VIE_9902020013_011000879235090.pdf;A TRAITER\ASS-VIE-EPARGNE-RET\MONABANQ - VIE\VIE_9902020013_011000879235090.pdf;A TRAITER / ASS-VIE-EPARGNE-RET / MONABANQ - VIE;3;A TRAITER;1129273;2026-09-12T02:45:24.5317060Z
ACM;VIE_9902020013_011000879235093.pdf;pdf;PDF;\\Uf11-a03\eids-eaa-pdf-statiques\ACCESSIBILITE\ACM\A TRAITER\ASS-VIE-EPARGNE-RET\MONABANQ - VIE\VIE_9902020013_011000879235093.pdf;A TRAITER\ASS-VIE-EPARGNE-RET\MONABANQ - VIE\VIE_9902020013_011000879235093.pdf;A TRAITER / ASS-VIE-EPARGNE-RET / MONABANQ - VIE;3;A TRAITER;314962;2026-09-12T02:45:24.5217059Z
ACM;VIE_9902020019_011000885341459.pdf;pdf;PDF;\\Uf11-a03\eids-eaa-pdf-statiques\ACCESSIBILITE\ACM\A TRAITER\ASS-VIE-EPARGNE-RET\MONABANQ - VIE\VIE_9902020019_011000885341459.pdf;A TRAITER\ASS-VIE-EPARGNE-RET\MONABANQ - VIE\VIE_9902020019_011000885341459.pdf;A TRAITER / ASS-VIE-EPARGNE-RET / MONABANQ - VIE;3;A TRAITER;251570;2026-09-12T02:45:24.6027067Z
ACM;VIE_9902020019_011000885341460.pdf;pdf;PDF;\\Uf11-a03\eids-eaa-pdf-statiques\ACCESSIBILITE\ACM\A TRAITER\ASS-VIE-EPARGNE-RET\MONABANQ - VIE\VIE_9902020019_011000885341460.pdf;A TRAITER\ASS-VIE-EPARGNE-RET\MONABANQ - VIE\VIE_9902020019_011000885341460.pdf;A TRAITER / ASS-VIE-EPARGNE-RET / MONABANQ - VIE;3;A TRAITER;211524;2026-09-12T02:45:24.6067070Z
ACM;VIE_9902020019_011000885341461.pdf;pdf;PDF;\\Uf11-a03\eids-eaa-pdf-statiques\ACCESSIBILITE\ACM\A TRAITER\ASS-VIE-EPARGNE-RET\MONABANQ - VIE\VIE_9902020019_011000885341461.pdf;A TRAITER\ASS-VIE-EPARGNE-RET\MONABANQ - VIE\VIE_9902020019_011000885341461.pdf;A TRAITER / ASS-VIE-EPARGNE-RET / MONABANQ - VIE;3;A TRAITER;224797;2026-09-12T02:45:24.6087068Z
ACM;VIE_9902020020_011000798844129.pdf;pdf;PDF;\\Uf11-a03\eids-eaa-pdf-statiques\ACCESSIBILITE\ACM\A TRAITER\ASS-VIE-EPARGNE-RET\MONABANQ - VIE\VIE_9902020020_011000798844129.pdf;A TRAITER\ASS-VIE-EPARGNE-RET\MONABANQ - VIE\VIE_9902020020_011000798844129.pdf;A TRAITER / ASS-VIE-EPARGNE-RET / MONABANQ - VIE;3;A TRAITER;234775;2026-09-12T02:45:24.5207059Z
ACM;VIE_9902020025_011000867835929.pdf;pdf;PDF;\\Uf11-a03\eids-eaa-pdf-statiques\ACCESSIBILITE\ACM\A TRAITER\ASS-VIE-EPARGNE-RET\MONABANQ - VIE\VIE_9902020025_011000867835929.pdf;A TRAITER\ASS-VIE-EPARGNE-RET\MONABANQ - VIE\VIE_9902020025_011000867835929.pdf;A TRAITER / ASS-VIE-EPARGNE-RET / MONABANQ - VIE;3;A TRAITER;527545;2026-09-12T02:45:24.5717065Z
ACM;VIE_9902020025_011000867835961.pdf;pdf;PDF;\\Uf11-a03\eids-eaa-pdf-statiques\ACCESSIBILITE\ACM\A TRAITER\ASS-VIE-EPARGNE-RET\MONABANQ - VIE\VIE_9902020025_011000867835961.pdf;A TRAITER\ASS-VIE-EPARGNE-RET\MONABANQ - VIE\VIE_9902020025_011000867835961.pdf;A TRAITER / ASS-VIE-EPARGNE-RET / MONABANQ - VIE;3;A TRAITER;589076;2026-09-12T02:45:24.5727070Z
ACM;VIE_9902020026_011000867835928.pdf;pdf;PDF;\\Uf11-a03\eids-eaa-pdf-statiques\ACCESSIBILITE\ACM\A TRAITER\ASS-VIE-EPARGNE-RET\MONABANQ - VIE\VIE_9902020026_011000867835928.pdf;A TRAITER\ASS-VIE-EPARGNE-RET\MONABANQ - VIE\VIE_9902020026_011000867835928.pdf;A TRAITER / ASS-VIE-EPARGNE-RET / MONABANQ - VIE;3;A TRAITER;257920;2026-09-12T02:45:24.5217059Z
ACM;VIE_9902030044_011000533097125.pdf;pdf;PDF;\\Uf11-a03\eids-eaa-pdf-statiques\ACCESSIBILITE\ACM\A TRAITER\ASS-VIE-EPARGNE-RET\MONABANQ - VIE\VIE_9902030044_011000533097125.pdf;A TRAITER\ASS-VIE-EPARGNE-RET\MONABANQ - VIE\VIE_9902030044_011000533097125.pdf;A TRAITER / ASS-VIE-EPARGNE-RET / MONABANQ - VIE;3;A TRAITER;101054;2026-09-12T02:45:24.5747072Z
ACM;VIE_9902030044_011000533097126.pdf;pdf;PDF;\\Uf11-a03\eids-eaa-pdf-statiques\ACCESSIBILITE\ACM\A TRAITER\ASS-VIE-EPARGNE-RET\MONABANQ - VIE\VIE_9902030044_011000533097126.pdf;A TRAITER\ASS-VIE-EPARGNE-RET\MONABANQ - VIE\VIE_9902030044_011000533097126.pdf;A TRAITER / ASS-VIE-EPARGNE-RET / MONABANQ - VIE;3;A TRAITER;103337;2026-09-12T02:45:24.5627066Z
ACM;VIE_9902030044_011000533097127.pdf;pdf;PDF;\\Uf11-a03\eids-eaa-pdf-statiques\ACCESSIBILITE\ACM\A TRAITER\ASS-VIE-EPARGNE-RET\MONABANQ - VIE\VIE_9902030044_011000533097127.pdf;A TRAITER\ASS-VIE-EPARGNE-RET\MONABANQ - VIE\VIE_9902030044_011000533097127.pdf;A TRAITER / ASS-VIE-EPARGNE-RET / MONABANQ - VIE;3;A TRAITER;102423;2026-09-12T02:45:24.6207087Z
ACM;VIE_9902030044_011000533097130.pdf;pdf;PDF;\\Uf11-a03\eids-eaa-pdf-statiques\ACCESSIBILITE\ACM\A TRAITER\ASS-VIE-EPARGNE-RET\MONABANQ - VIE\VIE_9902030044_011000533097130.pdf;A TRAITER\ASS-VIE-EPARGNE-RET\MONABANQ - VIE\VIE_9902030044_011000533097130.pdf;A TRAITER / ASS-VIE-EPARGNE-RET / MONABANQ - VIE;3;A TRAITER;101952;2026-09-12T02:45:24.6287069Z
ACM;9902030139_87.pdf;pdf;PDF;\\Uf11-a03\eids-eaa-pdf-statiques\ACCESSIBILITE\ACM\A TRAITER\ASS-VIE-EPARGNE-RET\RETRAITE COLLECTIVE\9902030139_87.pdf;A TRAITER\ASS-VIE-EPARGNE-RET\RETRAITE COLLECTIVE\9902030139_87.pdf;A TRAITER / ASS-VIE-EPARGNE-RET / RETRAITE COLLECTIVE;3;A TRAITER;729172;2026-09-15T12:46:25.2214038Z
ACM;9902030139_GI.pdf;pdf;PDF;\\Uf11-a03\eids-eaa-pdf-statiques\ACCESSIBILITE\ACM\A TRAITER\ASS-VIE-EPARGNE-RET\RETRAITE COLLECTIVE\9902030139_GI.pdf;A TRAITER\ASS-VIE-EPARGNE-RET\RETRAITE COLLECTIVE\9902030139_GI.pdf;A TRAITER / ASS-VIE-EPARGNE-RET / RETRAITE COLLECTIVE;3;A TRAITER;786055;2026-09-15T12:48:14.9242182Z
ACM;9902030139_GM.pdf;pdf;PDF;\\Uf11-a03\eids-eaa-pdf-statiques\ACCESSIBILITE\ACM\A TRAITER\ASS-VIE-EPARGNE-RET\RETRAITE COLLECTIVE\9902030139_GM.pdf;A TRAITER\ASS-VIE-EPARGNE-RET\RETRAITE COLLECTIVE\9902030139_GM.pdf;A TRAITER / ASS-VIE-EPARGNE-RET / RETRAITE COLLECTIVE;3;A TRAITER;1703237;2026-09-15T12:48:39.7144854Z
ACM;9902030139_N5.pdf;pdf;PDF;\\Uf11-a03\eids-eaa-pdf-statiques\ACCESSIBILITE\ACM\A TRAITER\ASS-VIE-EPARGNE-RET\RETRAITE COLLECTIVE\9902030139_N5.pdf;A TRAITER\ASS-VIE-EPARGNE-RET\RETRAITE COLLECTIVE\9902030139_N5.pdf;A TRAITER / ASS-VIE-EPARGNE-RET / RETRAITE COLLECTIVE;3;A TRAITER;833954;2026-09-15T12:56:01.4227211Z
ACM;9902030139_N6.pdf;pdf;PDF;\\Uf11-a03\eids-eaa-pdf-statiques\ACCESSIBILITE\ACM\A TRAITER\ASS-VIE-EPARGNE-RET\RETRAITE COLLECTIVE\9902030139_N6.pdf;A TRAITER\ASS-VIE-EPARGNE-RET\RETRAITE COLLECTIVE\9902030139_N6.pdf;A TRAITER / ASS-VIE-EPARGNE-RET / RETRAITE COLLECTIVE;3;A TRAITER;846735;2026-09-15T12:55:40.3110133Z
ACM;9902030139_N7.pdf;pdf;PDF;\\Uf11-a03\eids-eaa-pdf-statiques\ACCESSIBILITE\ACM\A TRAITER\ASS-VIE-EPARGNE-RET\RETRAITE COLLECTIVE\9902030139_N7.pdf;A TRAITER\ASS-VIE-EPARGNE-RET\RETRAITE COLLECTIVE\9902030139_N7.pdf;A TRAITER / ASS-VIE-EPARGNE-RET / RETRAITE COLLECTIVE;3;A TRAITER;2202372;2026-09-15T12:55:17.9862004Z
ACM;9902030139_N8.pdf;pdf;PDF;\\Uf11-a03\eids-eaa-pdf-statiques\ACCESSIBILITE\ACM\A TRAITER\ASS-VIE-EPARGNE-RET\RETRAITE COLLECTIVE\9902030139_N8.pdf;A TRAITER\ASS-VIE-EPARGNE-RET\RETRAITE COLLECTIVE\9902030139_N8.pdf;A TRAITER / ASS-VIE-EPARGNE-RET / RETRAITE COLLECTIVE;3;A TRAITER;3102314;2026-09-15T12:49:11.3671829Z
ACM;9902030139_N9.pdf;pdf;PDF;\\Uf11-a03\eids-eaa-pdf-statiques\ACCESSIBILITE\ACM\A TRAITER\ASS-VIE-EPARGNE-RET\RETRAITE COLLECTIVE\9902030139_N9.pdf;A TRAITER\ASS-VIE-EPARGNE-RET\RETRAITE COLLECTIVE\9902030139_N9.pdf;A TRAITER / ASS-VIE-EPARGNE-RET / RETRAITE COLLECTIVE;3;A TRAITER;2706183;2026-09-15T12:54:25.1269669Z
ACM;9902030139_O4.pdf;pdf;PDF;\\Uf11-a03\eids-eaa-pdf-statiques\ACCESSIBILITE\ACM\A TRAITER\ASS-VIE-EPARGNE-RET\RETRAITE COLLECTIVE\9902030139_O4.pdf;A TRAITER\ASS-VIE-EPARGNE-RET\RETRAITE COLLECTIVE\9902030139_O4.pdf;A TRAITER / ASS-VIE-EPARGNE-RET / RETRAITE COLLECTIVE;3;A TRAITER;305528;2026-09-15T12:49:34.6447841Z
ACM;9902030139_O6.pdf;pdf;PDF;\\Uf11-a03\eids-eaa-pdf-statiques\ACCESSIBILITE\ACM\A TRAITER\ASS-VIE-EPARGNE-RET\RETRAITE COLLECTIVE\9902030139_O6.pdf;A TRAITER\ASS-VIE-EPARGNE-RET\RETRAITE COLLECTIVE\9902030139_O6.pdf;A TRAITER / ASS-VIE-EPARGNE-RET / RETRAITE COLLECTIVE;3;A TRAITER;397660;2026-09-15T12:50:15.0454010Z
ACM;9902030139_O6_ARC.pdf;pdf;PDF;\\Uf11-a03\eids-eaa-pdf-statiques\ACCESSIBILITE\ACM\A TRAITER\ASS-VIE-EPARGNE-RET\RETRAITE COLLECTIVE\9902030139_O6_ARC.pdf;A TRAITER\ASS-VIE-EPARGNE-RET\RETRAITE COLLECTIVE\9902030139_O6_ARC.pdf;A TRAITER / ASS-VIE-EPARGNE-RET / RETRAITE COLLECTIVE;3;A TRAITER;767387;2026-09-15T11:41:55.8801335Z
ACM;9902030139_O6_NESTLE.pdf;pdf;PDF;\\Uf11-a03\eids-eaa-pdf-statiques\ACCESSIBILITE\ACM\A TRAITER\ASS-VIE-EPARGNE-RET\RETRAITE COLLECTIVE\9902030139_O6_NESTLE.pdf;A TRAITER\ASS-VIE-EPARGNE-RET\RETRAITE COLLECTIVE\9902030139_O6_NESTLE.pdf;A TRAITER / ASS-VIE-EPARGNE-RET / RETRAITE COLLECTIVE;3;A TRAITER;381462;2026-09-15T11:41:30.6750798Z
ACM;9902030139_O7.pdf;pdf;PDF;\\Uf11-a03\eids-eaa-pdf-statiques\ACCESSIBILITE\ACM\A TRAITER\ASS-VIE-EPARGNE-RET\RETRAITE COLLECTIVE\9902030139_O7.pdf;A TRAITER\ASS-VIE-EPARGNE-RET\RETRAITE COLLECTIVE\9902030139_O7.pdf;A TRAITER / ASS-VIE-EPARGNE-RET / RETRAITE COLLECTIVE;3;A TRAITER;480307;2026-09-15T12:51:37.6137116Z
ACM;9902030139_O7_BUBENDORFF.pdf;pdf;PDF;\\Uf11-a03\eids-eaa-pdf-statiques\ACCESSIBILITE\ACM\A TRAITER\ASS-VIE-EPARGNE-RET\RETRAITE COLLECTIVE\9902030139_O7_BUBENDORFF.pdf;A TRAITER\ASS-VIE-EPARGNE-RET\RETRAITE COLLECTIVE\9902030139_O7_BUBENDORFF.pdf;A TRAITER / ASS-VIE-EPARGNE-RET / RETRAITE COLLECTIVE;3;A TRAITER;473063;2026-09-15T12:51:11.2122376Z
ACM;9902030139_R2.pdf;pdf;PDF;\\Uf11-a03\eids-eaa-pdf-statiques\ACCESSIBILITE\ACM\A TRAITER\ASS-VIE-EPARGNE-RET\RETRAITE COLLECTIVE\9902030139_R2.pdf;A TRAITER\ASS-VIE-EPARGNE-RET\RETRAITE COLLECTIVE\9902030139_R2.pdf;A TRAITER / ASS-VIE-EPARGNE-RET / RETRAITE COLLECTIVE;3;A TRAITER;299315;2026-09-15T12:52:43.5504893Z
ACM;9902030139_R4.pdf;pdf;PDF;\\Uf11-a03\eids-eaa-pdf-statiques\ACCESSIBILITE\ACM\A TRAITER\ASS-VIE-EPARGNE-RET\RETRAITE COLLECTIVE\9902030139_R4.pdf;A TRAITER\ASS-VIE-EPARGNE-RET\RETRAITE COLLECTIVE\9902030139_R4.pdf;A TRAITER / ASS-VIE-EPARGNE-RET / RETRAITE COLLECTIVE;3;A TRAITER;852096;2026-09-15T12:53:49.4511291Z
ACM;9902030139_R6.pdf;pdf;PDF;\\Uf11-a03\eids-eaa-pdf-statiques\ACCESSIBILITE\ACM\A TRAITER\ASS-VIE-EPARGNE-RET\RETRAITE COLLECTIVE\9902030139_R6.pdf;A TRAITER\ASS-VIE-EPARGNE-RET\RETRAITE COLLECTIVE\9902030139_R6.pdf;A TRAITER / ASS-VIE-EPARGNE-RET / RETRAITE COLLECTIVE;3;A TRAITER;330686;2026-09-15T12:53:04.6669771Z
ACM;9902030160.pdf;pdf;PDF;\\Uf11-a03\eids-eaa-pdf-statiques\ACCESSIBILITE\ACM\A TRAITER\ASS-VIE-EPARGNE-RET\RETRAITE COLLECTIVE\9902030160.pdf;A TRAITER\ASS-VIE-EPARGNE-RET\RETRAITE COLLECTIVE\9902030160.pdf;A TRAITER / ASS-VIE-EPARGNE-RET / RETRAITE COLLECTIVE;3;A TRAITER;101708;2026-09-15T12:27:18.7477391Z
ACM;9902030161.pdf;pdf;PDF;\\Uf11-a03\eids-eaa-pdf-statiques\ACCESSIBILITE\ACM\A TRAITER\ASS-VIE-EPARGNE-RET\RETRAITE COLLECTIVE\9902030161.pdf;A TRAITER\ASS-VIE-EPARGNE-RET\RETRAITE COLLECTIVE\9902030161.pdf;A TRAITER / ASS-VIE-EPARGNE-RET / RETRAITE COLLECTIVE;3;A TRAITER;1023635;2026-09-15T12:28:10.5082681Z
ACM;9902030162.pdf;pdf;PDF;\\Uf11-a03\eids-eaa-pdf-statiques\ACCESSIBILITE\ACM\A TRAITER\ASS-VIE-EPARGNE-RET\RETRAITE COLLECTIVE\9902030162.pdf;A TRAITER\ASS-VIE-EPARGNE-RET\RETRAITE COLLECTIVE\9902030162.pdf;A TRAITER / ASS-VIE-EPARGNE-RET / RETRAITE COLLECTIVE;3;A TRAITER;522569;2026-09-15T12:33:29.5480013Z
ACM;9902030163_N5.pdf;pdf;PDF;\\Uf11-a03\eids-eaa-pdf-statiques\ACCESSIBILITE\ACM\A TRAITER\ASS-VIE-EPARGNE-RET\RETRAITE COLLECTIVE\9902030163_N5.pdf;A TRAITER\ASS-VIE-EPARGNE-RET\RETRAITE COLLECTIVE\9902030163_N5.pdf;A TRAITER / ASS-VIE-EPARGNE-RET / RETRAITE COLLECTIVE;3;A TRAITER;320721;2026-09-17T13:34:04.7666424Z
ACM;9902030163_N6.pdf;pdf;PDF;\\Uf11-a03\eids-eaa-pdf-statiques\ACCESSIBILITE\ACM\A TRAITER\ASS-VIE-EPARGNE-RET\RETRAITE COLLECTIVE\9902030163_N6.pdf;A TRAITER\ASS-VIE-EPARGNE-RET\RETRAITE COLLECTIVE\9902030163_N6.pdf;A TRAITER / ASS-VIE-EPARGNE-RET / RETRAITE COLLECTIVE;3;A TRAITER;320721;2026-09-17T13:34:37.5884202Z
ACM;9902030163_N7.pdf;pdf;PDF;\\Uf11-a03\eids-eaa-pdf-statiques\ACCESSIBILITE\ACM\A TRAITER\ASS-VIE-EPARGNE-RET\RETRAITE COLLECTIVE\9902030163_N7.pdf;A TRAITER\ASS-VIE-EPARGNE-RET\RETRAITE COLLECTIVE\9902030163_N7.pdf;A TRAITER / ASS-VIE-EPARGNE-RET / RETRAITE COLLECTIVE;3;A TRAITER;163072;2026-09-17T13:35:05.6057948Z
ACM;9902030163_N8.pdf;pdf;PDF;\\Uf11-a03\eids-eaa-pdf-statiques\ACCESSIBILITE\ACM\A TRAITER\ASS-VIE-EPARGNE-RET\RETRAITE COLLECTIVE\9902030163_N8.pdf;A TRAITER\ASS-VIE-EPARGNE-RET\RETRAITE COLLECTIVE\9902030163_N8.pdf;A TRAITER / ASS-VIE-EPARGNE-RET / RETRAITE COLLECTIVE;3;A TRAITER;197427;2026-09-17T13:35:24.2143463Z
ACM;9902030163_N9.pdf;pdf;PDF;\\Uf11-a03\eids-eaa-pdf-statiques\ACCESSIBILITE\ACM\A TRAITER\ASS-VIE-EPARGNE-RET\RETRAITE COLLECTIVE\9902030163_N9.pdf;A TRAITER\ASS-VIE-EPARGNE-RET\RETRAITE COLLECTIVE\9902030163_N9.pdf;A TRAITER / ASS-VIE-EPARGNE-RET / RETRAITE COLLECTIVE;3;A TRAITER;182861;2026-09-15T12:34:16.5190554Z
ACM;9902030164_GI.pdf;pdf;PDF;\\Uf11-a03\eids-eaa-pdf-statiques\ACCESSIBILITE\ACM\A TRAITER\ASS-VIE-EPARGNE-RET\RETRAITE COLLECTIVE\9902030164_GI.pdf;A TRAITER\ASS-VIE-EPARGNE-RET\RETRAITE COLLECTIVE\9902030164_GI.pdf;A TRAITER / ASS-VIE-EPARGNE-RET / RETRAITE COLLECTIVE;3;A TRAITER;651611;2026-09-15T15:03:26.8843918Z
ACM;9902030165_GM.pdf;pdf;PDF;\\Uf11-a03\eids-eaa-pdf-statiques\ACCESSIBILITE\ACM\A TRAITER\ASS-VIE-EPARGNE-RET\RETRAITE COLLECTIVE\9902030165_GM.pdf;A TRAITER\ASS-VIE-EPARGNE-RET\RETRAITE COLLECTIVE\9902030165_GM.pdf;A TRAITER / ASS-VIE-EPARGNE-RET / RETRAITE COLLECTIVE;3;A TRAITER;538786;2026-09-15T15:02:28.7054812Z
ACM;9902030168_N7.pdf;pdf;PDF;\\Uf11-a03\eids-eaa-pdf-statiques\ACCESSIBILITE\ACM\A TRAITER\ASS-VIE-EPARGNE-RET\RETRAITE COLLECTIVE\9902030168_N7.pdf;A TRAITER\ASS-VIE-EPARGNE-RET\RETRAITE COLLECTIVE\9902030168_N7.pdf;A TRAITER / ASS-VIE-EPARGNE-RET / RETRAITE COLLECTIVE;3;A TRAITER;1850689;2026-09-15T15:01:45.2593769Z
ACM;9902030169_N9.pdf;pdf;PDF;\\Uf11-a03\eids-eaa-pdf-statiques\ACCESSIBILITE\ACM\A TRAITER\ASS-VIE-EPARGNE-RET\RETRAITE COLLECTIVE\9902030169_N9.pdf;A TRAITER\ASS-VIE-EPARGNE-RET\RETRAITE COLLECTIVE\9902030169_N9.pdf;A TRAITER / ASS-VIE-EPARGNE-RET / RETRAITE COLLECTIVE;3;A TRAITER;2348264;2026-09-15T15:04:52.9999147Z
ACM;9902030170_NR.pdf;pdf;PDF;\\Uf11-a03\eids-eaa-pdf-statiques\ACCESSIBILITE\ACM\A TRAITER\ASS-VIE-EPARGNE-RET\RETRAITE COLLECTIVE\9902030170_NR.pdf;A TRAITER\ASS-VIE-EPARGNE-RET\RETRAITE COLLECTIVE\9902030170_NR.pdf;A TRAITER / ASS-VIE-EPARGNE-RET / RETRAITE COLLECTIVE;3;A TRAITER;605432;2026-09-15T15:06:52.6691930Z
ACM;9902030171_N9.pdf;pdf;PDF;\\Uf11-a03\eids-eaa-pdf-statiques\ACCESSIBILITE\ACM\A TRAITER\ASS-VIE-EPARGNE-RET\RETRAITE COLLECTIVE\9902030171_N9.pdf;A TRAITER\ASS-VIE-EPARGNE-RET\RETRAITE COLLECTIVE\9902030171_N9.pdf;A TRAITER / ASS-VIE-EPARGNE-RET / RETRAITE COLLECTIVE;3;A TRAITER;791039;2026-09-15T15:29:33.9786666Z
ACM;9902030174_N5.pdf;pdf;PDF;\\Uf11-a03\eids-eaa-pdf-statiques\ACCESSIBILITE\ACM\A TRAITER\ASS-VIE-EPARGNE-RET\RETRAITE COLLECTIVE\9902030174_N5.pdf;A TRAITER\ASS-VIE-EPARGNE-RET\RETRAITE COLLECTIVE\9902030174_N5.pdf;A TRAITER / ASS-VIE-EPARGNE-RET / RETRAITE COLLECTIVE;3;A TRAITER;596227;2026-09-15T15:30:14.0165216Z
ACM;9902030174_N6.pdf;pdf;PDF;\\Uf11-a03\eids-eaa-pdf-statiques\ACCESSIBILITE\ACM\A TRAITER\ASS-VIE-EPARGNE-RET\RETRAITE COLLECTIVE\9902030174_N6.pdf;A TRAITER\ASS-VIE-EPARGNE-RET\RETRAITE COLLECTIVE\9902030174_N6.pdf;A TRAITER / ASS-VIE-EPARGNE-RET / RETRAITE COLLECTIVE;3;A TRAITER;596248;2026-09-15T15:30:35.3647156Z
ACM;9902030174_N7.pdf;pdf;PDF;\\Uf11-a03\eids-eaa-pdf-statiques\ACCESSIBILITE\ACM\A TRAITER\ASS-VIE-EPARGNE-RET\RETRAITE COLLECTIVE\9902030174_N7.pdf;A TRAITER\ASS-VIE-EPARGNE-RET\RETRAITE COLLECTIVE\9902030174_N7.pdf;A TRAITER / ASS-VIE-EPARGNE-RET / RETRAITE COLLECTIVE;3;A TRAITER;419963;2026-09-15T15:30:59.4744241Z
ACM;9902030174_N8.pdf;pdf;PDF;\\Uf11-a03\eids-eaa-pdf-statiques\ACCESSIBILITE\ACM\A TRAITER\ASS-VIE-EPARGNE-RET\RETRAITE COLLECTIVE\9902030174_N8.pdf;A TRAITER\ASS-VIE-EPARGNE-RET\RETRAITE COLLECTIVE\9902030174_N8.pdf;A TRAITER / ASS-VIE-EPARGNE-RET / RETRAITE COLLECTIVE;3;A TRAITER;470872;2026-09-15T15:31:21.3416122Z
ACM;9902030174_N9.pdf;pdf;PDF;\\Uf11-a03\eids-eaa-pdf-statiques\ACCESSIBILITE\ACM\A TRAITER\ASS-VIE-EPARGNE-RET\RETRAITE COLLECTIVE\9902030174_N9.pdf;A TRAITER\ASS-VIE-EPARGNE-RET\RETRAITE COLLECTIVE\9902030174_N9.pdf;A TRAITER / ASS-VIE-EPARGNE-RET / RETRAITE COLLECTIVE;3;A TRAITER;978721;2026-09-15T15:31:38.9736308Z
ACM;9902030175_O7.pdf;pdf;PDF;\\Uf11-a03\eids-eaa-pdf-statiques\ACCESSIBILITE\ACM\A TRAITER\ASS-VIE-EPARGNE-RET\RETRAITE COLLECTIVE\9902030175_O7.pdf;A TRAITER\ASS-VIE-EPARGNE-RET\RETRAITE COLLECTIVE\9902030175_O7.pdf;A TRAITER / ASS-VIE-EPARGNE-RET / RETRAITE COLLECTIVE;3;A TRAITER;191070;2025-04-24T09:41:30.8001986Z
ACM;9902030175_R6.pdf;pdf;PDF;\\Uf11-a03\eids-eaa-pdf-statiques\ACCESSIBILITE\ACM\A TRAITER\ASS-VIE-EPARGNE-RET\RETRAITE COLLECTIVE\9902030175_R6.pdf;A TRAITER\ASS-VIE-EPARGNE-RET\RETRAITE COLLECTIVE\9902030175_R6.pdf;A TRAITER / ASS-VIE-EPARGNE-RET / RETRAITE COLLECTIVE;3;A TRAITER;352013;2025-04-24T09:41:29.5307715Z
ACM;9902030176_N5.pdf;pdf;PDF;\\Uf11-a03\eids-eaa-pdf-statiques\ACCESSIBILITE\ACM\A TRAITER\ASS-VIE-EPARGNE-RET\RETRAITE COLLECTIVE\9902030176_N5.pdf;A TRAITER\ASS-VIE-EPARGNE-RET\RETRAITE COLLECTIVE\9902030176_N5.pdf;A TRAITER / ASS-VIE-EPARGNE-RET / RETRAITE COLLECTIVE;3;A TRAITER;774968;2026-09-15T15:32:11.0600413Z
ACM;9902030176_N6.pdf;pdf;PDF;\\Uf11-a03\eids-eaa-pdf-statiques\ACCESSIBILITE\ACM\A TRAITER\ASS-VIE-EPARGNE-RET\RETRAITE COLLECTIVE\9902030176_N6.pdf;A TRAITER\ASS-VIE-EPARGNE-RET\RETRAITE COLLECTIVE\9902030176_N6.pdf;A TRAITER / ASS-VIE-EPARGNE-RET / RETRAITE COLLECTIVE;3;A TRAITER;774968;2026-09-15T15:32:33.3070405Z
ACM;9902030176_N7.pdf;pdf;PDF;\\Uf11-a03\eids-eaa-pdf-statiques\ACCESSIBILITE\ACM\A TRAITER\ASS-VIE-EPARGNE-RET\RETRAITE COLLECTIVE\9902030176_N7.pdf;A TRAITER\ASS-VIE-EPARGNE-RET\RETRAITE COLLECTIVE\9902030176_N7.pdf;A TRAITER / ASS-VIE-EPARGNE-RET / RETRAITE COLLECTIVE;3;A TRAITER;774968;2026-09-15T15:32:51.8863305Z
ACM;9902030176_N8.pdf;pdf;PDF;\\Uf11-a03\eids-eaa-pdf-statiques\ACCESSIBILITE\ACM\A TRAITER\ASS-VIE-EPARGNE-RET\RETRAITE COLLECTIVE\9902030176_N8.pdf;A TRAITER\ASS-VIE-EPARGNE-RET\RETRAITE COLLECTIVE\9902030176_N8.pdf;A TRAITER / ASS-VIE-EPARGNE-RET / RETRAITE COLLECTIVE;3;A TRAITER;774968;2026-09-15T15:33:13.7983435Z
ACM;9902030176_N9.pdf;pdf;PDF;\\Uf11-a03\eids-eaa-pdf-statiques\ACCESSIBILITE\ACM\A TRAITER\ASS-VIE-EPARGNE-RET\RETRAITE COLLECTIVE\9902030176_N9.pdf;A TRAITER\ASS-VIE-EPARGNE-RET\RETRAITE COLLECTIVE\9902030176_N9.pdf;A TRAITER / ASS-VIE-EPARGNE-RET / RETRAITE COLLECTIVE;3;A TRAITER;774968;2026-09-15T15:33:32.7450391Z
ACM;9902030182_O7.pdf;pdf;PDF;\\Uf11-a03\eids-eaa-pdf-statiques\ACCESSIBILITE\ACM\A TRAITER\ASS-VIE-EPARGNE-RET\RETRAITE COLLECTIVE\9902030182_O7.pdf;A TRAITER\ASS-VIE-EPARGNE-RET\RETRAITE COLLECTIVE\9902030182_O7.pdf;A TRAITER / ASS-VIE-EPARGNE-RET / RETRAITE COLLECTIVE;3;A TRAITER;335519;2026-09-15T12:35:38.0819862Z
ACM;deblocage_residence_principale_N7.pdf;pdf;PDF;\\Uf11-a03\eids-eaa-pdf-statiques\ACCESSIBILITE\ACM\A TRAITER\ASS-VIE-EPARGNE-RET\RETRAITE COLLECTIVE\deblocage_residence_principale_N7.pdf;A TRAITER\ASS-VIE-EPARGNE-RET\RETRAITE COLLECTIVE\deblocage_residence_principale_N7.pdf;A TRAITER / ASS-VIE-EPARGNE-RET / RETRAITE COLLECTIVE;3;A TRAITER;330335;2026-06-03T11:41:42.6124922Z
ACM;deblocage_residence_principale_PER.pdf;pdf;PDF;\\Uf11-a03\eids-eaa-pdf-statiques\ACCESSIBILITE\ACM\A TRAITER\ASS-VIE-EPARGNE-RET\RETRAITE COLLECTIVE\deblocage_residence_principale_PER.pdf;A TRAITER\ASS-VIE-EPARGNE-RET\RETRAITE COLLECTIVE\deblocage_residence_principale_PER.pdf;A TRAITER / ASS-VIE-EPARGNE-RET / RETRAITE COLLECTIVE;3;A TRAITER;353617;2026-06-03T11:41:42.4895295Z
ACM;deblocage_residence_principale_PEROG.pdf;pdf;PDF;\\Uf11-a03\eids-eaa-pdf-statiques\ACCESSIBILITE\ACM\A TRAITER\ASS-VIE-EPARGNE-RET\RETRAITE COLLECTIVE\deblocage_residence_principale_PEROG.pdf;A TRAITER\ASS-VIE-EPARGNE-RET\RETRAITE COLLECTIVE\deblocage_residence_principale_PEROG.pdf;A TRAITER / ASS-VIE-EPARGNE-RET / RETRAITE COLLECTIVE;3;A TRAITER;542109;2026-06-03T11:41:42.2047181Z
ACM;deblocage_residence_principale_PER_VINCI.pdf;pdf;PDF;\\Uf11-a03\eids-eaa-pdf-statiques\ACCESSIBILITE\ACM\A TRAITER\ASS-VIE-EPARGNE-RET\RETRAITE COLLECTIVE\deblocage_residence_principale_PER_VINCI.pdf;A TRAITER\ASS-VIE-EPARGNE-RET\RETRAITE COLLECTIVE\deblocage_residence_principale_PER_VINCI.pdf;A TRAITER / ASS-VIE-EPARGNE-RET / RETRAITE COLLECTIVE;3;A TRAITER;598828;2026-06-03T11:41:42.1767284Z
ACM;demande_rachat_anticipe_N7.pdf;pdf;PDF;\\Uf11-a03\eids-eaa-pdf-statiques\ACCESSIBILITE\ACM\A TRAITER\ASS-VIE-EPARGNE-RET\RETRAITE COLLECTIVE\demande_rachat_anticipe_N7.pdf;A TRAITER\ASS-VIE-EPARGNE-RET\RETRAITE COLLECTIVE\demande_rachat_anticipe_N7.pdf;A TRAITER / ASS-VIE-EPARGNE-RET / RETRAITE COLLECTIVE;3;A TRAITER;2499691;2026-06-03T11:41:41.6627489Z
ACM;demande_rachat_anticipe_PER.pdf;pdf;PDF;\\Uf11-a03\eids-eaa-pdf-statiques\ACCESSIBILITE\ACM\A TRAITER\ASS-VIE-EPARGNE-RET\RETRAITE COLLECTIVE\demande_rachat_anticipe_PER.pdf;A TRAITER\ASS-VIE-EPARGNE-RET\RETRAITE COLLECTIVE\demande_rachat_anticipe_PER.pdf;A TRAITER / ASS-VIE-EPARGNE-RET / RETRAITE COLLECTIVE;3;A TRAITER;1391319;2026-06-03T11:41:41.7359366Z
ACM;demande_rachat_anticipe_PEROG.pdf;pdf;PDF;\\Uf11-a03\eids-eaa-pdf-statiques\ACCESSIBILITE\ACM\A TRAITER\ASS-VIE-EPARGNE-RET\RETRAITE COLLECTIVE\demande_rachat_anticipe_PEROG.pdf;A TRAITER\ASS-VIE-EPARGNE-RET\RETRAITE COLLECTIVE\demande_rachat_anticipe_PEROG.pdf;A TRAITER / ASS-VIE-EPARGNE-RET / RETRAITE COLLECTIVE;3;A TRAITER;349550;2026-06-03T11:41:42.5216301Z
ACM;demande_rachat_anticipe_PER_VINCI.pdf;pdf;PDF;\\Uf11-a03\eids-eaa-pdf-statiques\ACCESSIBILITE\ACM\A TRAITER\ASS-VIE-EPARGNE-RET\RETRAITE COLLECTIVE\demande_rachat_anticipe_PER_VINCI.pdf;A TRAITER\ASS-VIE-EPARGNE-RET\RETRAITE COLLECTIVE\demande_rachat_anticipe_PER_VINCI.pdf;A TRAITER / ASS-VIE-EPARGNE-RET / RETRAITE COLLECTIVE;3;A TRAITER;1498216;2026-06-03T11:41:41.5671727Z
ACM;guide_versements_PER_REVERSO.pdf;pdf;PDF;\\Uf11-a03\eids-eaa-pdf-statiques\ACCESSIBILITE\ACM\A TRAITER\ASS-VIE-EPARGNE-RET\RETRAITE COLLECTIVE\guide_versements_PER_REVERSO.pdf;A TRAITER\ASS-VIE-EPARGNE-RET\RETRAITE COLLECTIVE\guide_versements_PER_REVERSO.pdf;A TRAITER / ASS-VIE-EPARGNE-RET / RETRAITE COLLECTIVE;3;A TRAITER;821452;2026-09-17T13:24:58.3123124Z
ACM;VIE_9902020019_011000885341462.pdf;pdf;PDF;\\Uf11-a03\eids-eaa-pdf-statiques\ACCESSIBILITE\ACM\EN COURS\ASS-VIE-EPARGNE-RET\MONABANQ - VIE\VIE_9902020019_011000885341462.pdf;EN COURS\ASS-VIE-EPARGNE-RET\MONABANQ - VIE\VIE_9902020019_011000885341462.pdf;EN COURS / ASS-VIE-EPARGNE-RET / MONABANQ - VIE;3;EN COURS;213462;2026-09-12T02:45:24.5957069Z
ACM;IRD_9902030015_011000586849370.pdf;pdf;PDF;\\Uf11-a03\eids-eaa-pdf-statiques\ACCESSIBILITE\ACM\NON CONFORME\ASS-BIENS\IRD_9902030015_011000586849370\IRD_9902030015_011000586849370.pdf;NON CONFORME\ASS-BIENS\IRD_9902030015_011000586849370\IRD_9902030015_011000586849370.pdf;NON CONFORME / ASS-BIENS / IRD_9902030015_011000586849370;3;NON CONFORME;1507799;2026-07-13T10:52:30.1064632Z
ACM;IRD_9902030015_011000586849371.pdf;pdf;PDF;\\Uf11-a03\eids-eaa-pdf-statiques\ACCESSIBILITE\ACM\NON CONFORME\ASS-BIENS\IRD_9902030015_011000586849371\IRD_9902030015_011000586849371.pdf;NON CONFORME\ASS-BIENS\IRD_9902030015_011000586849371\IRD_9902030015_011000586849371.pdf;NON CONFORME / ASS-BIENS / IRD_9902030015_011000586849371;3;NON CONFORME;1575664;2026-07-10T10:06:47.9794602Z
ACM;IRD_9902030015_011000586849372.pdf;pdf;PDF;\\Uf11-a03\eids-eaa-pdf-statiques\ACCESSIBILITE\ACM\NON CONFORME\ASS-BIENS\IRD_9902030015_011000586849372\IRD_9902030015_011000586849372.pdf;NON CONFORME\ASS-BIENS\IRD_9902030015_011000586849372\IRD_9902030015_011000586849372.pdf;NON CONFORME / ASS-BIENS / IRD_9902030015_011000586849372;3;NON CONFORME;1492525;2026-07-13T16:40:12.6475820Z
ACM;IRD_9902030015_011000666625992.pdf;pdf;PDF;\\Uf11-a03\eids-eaa-pdf-statiques\ACCESSIBILITE\ACM\NON CONFORME\ASS-BIENS\IRD_9902030015_011000666625992\IRD_9902030015_011000666625992.pdf;NON CONFORME\ASS-BIENS\IRD_9902030015_011000666625992\IRD_9902030015_011000666625992.pdf;NON CONFORME / ASS-BIENS / IRD_9902030015_011000666625992;3;NON CONFORME;843633;2026-07-15T13:20:40.5653257Z
ACM;IRD_9902030015_011000666625993.pdf;pdf;PDF;\\Uf11-a03\eids-eaa-pdf-statiques\ACCESSIBILITE\ACM\NON CONFORME\ASS-BIENS\IRD_9902030015_011000666625993\IRD_9902030015_011000666625993.pdf;NON CONFORME\ASS-BIENS\IRD_9902030015_011000666625993\IRD_9902030015_011000666625993.pdf;NON CONFORME / ASS-BIENS / IRD_9902030015_011000666625993;3;NON CONFORME;837770;2026-07-15T10:11:16.8666840Z
ACM;IRD_9902030015_011000666625994.pdf;pdf;PDF;\\Uf11-a03\eids-eaa-pdf-statiques\ACCESSIBILITE\ACM\NON CONFORME\ASS-BIENS\IRD_9902030015_011000666625994\IRD_9902030015_011000666625994.pdf;NON CONFORME\ASS-BIENS\IRD_9902030015_011000666625994\IRD_9902030015_011000666625994.pdf;NON CONFORME / ASS-BIENS / IRD_9902030015_011000666625994;3;NON CONFORME;1496704;2026-06-29T11:09:32.8378099Z
ACM;IDM_9902030191_011000830798592.pdf;pdf;PDF;\\Uf11-a03\eids-eaa-pdf-statiques\ACCESSIBILITE\ACM\NON CONFORME\ASS-INDEMN-BIENS-PERS\IDM_9902030191_011000830798592\IDM_9902030191_011000830798592.pdf;NON CONFORME\ASS-INDEMN-BIENS-PERS\IDM_9902030191_011000830798592\IDM_9902030191_011000830798592.pdf;NON CONFORME / ASS-INDEMN-BIENS-PERS / IDM_9902030191_011000830798592;3;NON CONFORME;1175238;2026-07-06T08:12:45.1852432Z
ACM;Complémentaire_santé_part_062026.pdf;pdf;PDF;\\Uf11-a03\eids-eaa-pdf-statiques\ACCESSIBILITE\ACM\NON CONFORME\ASS-PERS-IND\Complémentaire_santé_part_062026\Complémentaire_santé_part_062026.pdf;NON CONFORME\ASS-PERS-IND\Complémentaire_santé_part_062026\Complémentaire_santé_part_062026.pdf;NON CONFORME / ASS-PERS-IND / Complémentaire_santé_part_062026;3;NON CONFORME;3497020;2026-06-26T09:46:44.0061527Z
ACM;FZ-AG_Notice_ACM-IARD_10-2026.pdf;pdf;PDF;\\Uf11-a03\eids-eaa-pdf-statiques\ACCESSIBILITE\ACM\NON CONFORME\ASS-PERS-IND\FZ-AG_Notice_ACM-IARD_10-2026\FZ-AG_Notice_ACM-IARD_10-2026.pdf;NON CONFORME\ASS-PERS-IND\FZ-AG_Notice_ACM-IARD_10-2026\FZ-AG_Notice_ACM-IARD_10-2026.pdf;NON CONFORME / ASS-PERS-IND / FZ-AG_Notice_ACM-IARD_10-2026;3;NON CONFORME;936350;2026-07-20T11:15:59.1678760Z
ACM;FZ-SD_Notice_ACM-IARD_10-2026.pdf;pdf;PDF;\\Uf11-a03\eids-eaa-pdf-statiques\ACCESSIBILITE\ACM\NON CONFORME\ASS-PERS-IND\FZ-SD_Notice_ACM-IARD_10-2026\FZ-SD_Notice_ACM-IARD_10-2026.pdf;NON CONFORME\ASS-PERS-IND\FZ-SD_Notice_ACM-IARD_10-2026\FZ-SD_Notice_ACM-IARD_10-2026.pdf;NON CONFORME / ASS-PERS-IND / FZ-SD_Notice_ACM-IARD_10-2026;3;NON CONFORME;1973538;2026-07-21T14:24:55.3650025Z
ACM;P2_Notice_Cofidis-France_10-2026.pdf;pdf;PDF;\\Uf11-a03\eids-eaa-pdf-statiques\ACCESSIBILITE\ACM\NON CONFORME\ASS-PERS-IND\P2_Notice_Cofidis-France_10-2026\P2_Notice_Cofidis-France_10-2026.pdf;NON CONFORME\ASS-PERS-IND\P2_Notice_Cofidis-France_10-2026\P2_Notice_Cofidis-France_10-2026.pdf;NON CONFORME / ASS-PERS-IND / P2_Notice_Cofidis-France_10-2026;3;NON CONFORME;590568;2026-07-15T15:53:11.5538628Z
ACM;P2_Notice_Monabanq_10-2026.pdf;pdf;PDF;\\Uf11-a03\eids-eaa-pdf-statiques\ACCESSIBILITE\ACM\NON CONFORME\ASS-PERS-IND\P2_Notice_Monabanq_10-2026\P2_Notice_Monabanq_10-2026.pdf;NON CONFORME\ASS-PERS-IND\P2_Notice_Monabanq_10-2026\P2_Notice_Monabanq_10-2026.pdf;NON CONFORME / ASS-PERS-IND / P2_Notice_Monabanq_10-2026;3;NON CONFORME;1716759;2026-07-16T13:33:38.5941559Z
ACM;S25-Pro_Notice_ACM-IARD_06-2026.pdf;pdf;PDF;\\Uf11-a03\eids-eaa-pdf-statiques\ACCESSIBILITE\ACM\NON CONFORME\ASS-PERS-IND\S25-Pro_Notice_ACM-IARD_06-2026\S25-Pro_Notice_ACM-IARD_06-2026.pdf;NON CONFORME\ASS-PERS-IND\S25-Pro_Notice_ACM-IARD_06-2026\S25-Pro_Notice_ACM-IARD_06-2026.pdf;NON CONFORME / ASS-PERS-IND / S25-Pro_Notice_ACM-IARD_06-2026;3;NON CONFORME;3535047;2026-06-17T10:40:57.8171044Z
ACM;PJU_9902030015_011000715122530.pdf;pdf;PDF;\\Uf11-a03\eids-eaa-pdf-statiques\ACCESSIBILITE\ACM\NON CONFORME\ASS-PROTECTION-JUR\PJU_9902030015_011000715122530\PJU_9902030015_011000715122530.pdf;NON CONFORME\ASS-PROTECTION-JUR\PJU_9902030015_011000715122530\PJU_9902030015_011000715122530.pdf;NON CONFORME / ASS-PROTECTION-JUR / PJU_9902030015_011000715122530;3;NON CONFORME;741662;2026-07-20T16:08:24.2285670Z
ACM;PJU_9902030015_011000715122531.pdf;pdf;PDF;\\Uf11-a03\eids-eaa-pdf-statiques\ACCESSIBILITE\ACM\NON CONFORME\ASS-PROTECTION-JUR\PJU_9902030015_011000715122531\PJU_9902030015_011000715122531.pdf;NON CONFORME\ASS-PROTECTION-JUR\PJU_9902030015_011000715122531\PJU_9902030015_011000715122531.pdf;NON CONFORME / ASS-PROTECTION-JUR / PJU_9902030015_011000715122531;3;NON CONFORME;1334469;2026-07-20T16:22:50.3360017Z
ACM;IRD_9902030015_011000527904321.pdf;pdf;PDF;\\Uf11-a03\eids-eaa-pdf-statiques\ACCESSIBILITE\ACM\TRAITES\ASS-BIENS\IRD_9902030015_011000527904321\IRD_9902030015_011000527904321.pdf;TRAITES\ASS-BIENS\IRD_9902030015_011000527904321\IRD_9902030015_011000527904321.pdf;TRAITES / ASS-BIENS / IRD_9902030015_011000527904321;3;TRAITES;127886;2026-07-06T10:07:32.3607695Z
ACM;IRD_9902030015_011000527904322.pdf;pdf;PDF;\\Uf11-a03\eids-eaa-pdf-statiques\ACCESSIBILITE\ACM\TRAITES\ASS-BIENS\IRD_9902030015_011000527904322\IRD_9902030015_011000527904322.pdf;TRAITES\ASS-BIENS\IRD_9902030015_011000527904322\IRD_9902030015_011000527904322.pdf;TRAITES / ASS-BIENS / IRD_9902030015_011000527904322;3;TRAITES;131743;2026-07-27T09:51:21.3338634Z
ACM;IRD_9902030015_011000527904322.pdf;pdf;PDF;\\Uf11-a03\eids-eaa-pdf-statiques\ACCESSIBILITE\ACM\TRAITES\ASS-BIENS\IRD_9902030015_011000527904322_V2\IRD_9902030015_011000527904322.pdf;TRAITES\ASS-BIENS\IRD_9902030015_011000527904322_V2\IRD_9902030015_011000527904322.pdf;TRAITES / ASS-BIENS / IRD_9902030015_011000527904322_V2;3;TRAITES;131743;2026-07-27T09:51:21.3338634Z
ACM;IRD_9902030015_011000527904323.pdf;pdf;PDF;\\Uf11-a03\eids-eaa-pdf-statiques\ACCESSIBILITE\ACM\TRAITES\ASS-BIENS\IRD_9902030015_011000527904323\IRD_9902030015_011000527904323.pdf;TRAITES\ASS-BIENS\IRD_9902030015_011000527904323\IRD_9902030015_011000527904323.pdf;TRAITES / ASS-BIENS / IRD_9902030015_011000527904323;3;TRAITES;172461;2026-07-07T08:35:41.7326151Z
ACM;IRD_9902030015_011000527904324.pdf;pdf;PDF;\\Uf11-a03\eids-eaa-pdf-statiques\ACCESSIBILITE\ACM\TRAITES\ASS-BIENS\IRD_9902030015_011000527904324\IRD_9902030015_011000527904324.pdf;TRAITES\ASS-BIENS\IRD_9902030015_011000527904324\IRD_9902030015_011000527904324.pdf;TRAITES / ASS-BIENS / IRD_9902030015_011000527904324;3;TRAITES;161709;2026-07-07T09:54:45.6783314Z
ACM;IRD_9902030015_011000527904324.pdf;pdf;PDF;\\Uf11-a03\eids-eaa-pdf-statiques\ACCESSIBILITE\ACM\TRAITES\ASS-BIENS\IRD_9902030015_011000527904324 Version 2\IRD_9902030015_011000527904324.pdf;TRAITES\ASS-BIENS\IRD_9902030015_011000527904324 Version 2\IRD_9902030015_011000527904324.pdf;TRAITES / ASS-BIENS / IRD_9902030015_011000527904324 Version 2;3;TRAITES;208230;2026-07-27T09:50:07.7169532Z
ACM;IRD_9902030015_011000527904325.pdf;pdf;PDF;\\Uf11-a03\eids-eaa-pdf-statiques\ACCESSIBILITE\ACM\TRAITES\ASS-BIENS\IRD_9902030015_011000527904325\IRD_9902030015_011000527904325.pdf;TRAITES\ASS-BIENS\IRD_9902030015_011000527904325\IRD_9902030015_011000527904325.pdf;TRAITES / ASS-BIENS / IRD_9902030015_011000527904325;3;TRAITES;236951;2026-07-08T15:05:29.7620862Z
ACM;IRD_9902030015_011000527904325.pdf;pdf;PDF;\\Uf11-a03\eids-eaa-pdf-statiques\ACCESSIBILITE\ACM\TRAITES\ASS-BIENS\IRD_9902030015_011000527904325 version 2\IRD_9902030015_011000527904325.pdf;TRAITES\ASS-BIENS\IRD_9902030015_011000527904325 version 2\IRD_9902030015_011000527904325.pdf;TRAITES / ASS-BIENS / IRD_9902030015_011000527904325 version 2;3;TRAITES;211495;2026-07-28T08:10:36.1131155Z
ACM;IRD_9902030015_011000527904326.pdf;pdf;PDF;\\Uf11-a03\eids-eaa-pdf-statiques\ACCESSIBILITE\ACM\TRAITES\ASS-BIENS\IRD_9902030015_011000527904326\IRD_9902030015_011000527904326.pdf;TRAITES\ASS-BIENS\IRD_9902030015_011000527904326\IRD_9902030015_011000527904326.pdf;TRAITES / ASS-BIENS / IRD_9902030015_011000527904326;3;TRAITES;130488;2026-07-08T09:57:01.9547087Z
ACM;IRD_9902030015_011000527904326.pdf;pdf;PDF;\\Uf11-a03\eids-eaa-pdf-statiques\ACCESSIBILITE\ACM\TRAITES\ASS-BIENS\IRD_9902030015_011000527904326_V2\IRD_9902030015_011000527904326.pdf;TRAITES\ASS-BIENS\IRD_9902030015_011000527904326_V2\IRD_9902030015_011000527904326.pdf;TRAITES / ASS-BIENS / IRD_9902030015_011000527904326_V2;3;TRAITES;135407;2026-07-28T09:51:02.1784855Z
ACM;IRD_9902030015_011000527904327.pdf;pdf;PDF;\\Uf11-a03\eids-eaa-pdf-statiques\ACCESSIBILITE\ACM\TRAITES\ASS-BIENS\IRD_9902030015_011000527904327\IRD_9902030015_011000527904327.pdf;TRAITES\ASS-BIENS\IRD_9902030015_011000527904327\IRD_9902030015_011000527904327.pdf;TRAITES / ASS-BIENS / IRD_9902030015_011000527904327;3;TRAITES;237344;2026-07-08T07:39:11.3687104Z
ACM;IRD_9902030015_011000527904327.pdf;pdf;PDF;\\Uf11-a03\eids-eaa-pdf-statiques\ACCESSIBILITE\ACM\TRAITES\ASS-BIENS\IRD_9902030015_011000527904327_v2\IRD_9902030015_011000527904327.pdf;TRAITES\ASS-BIENS\IRD_9902030015_011000527904327_v2\IRD_9902030015_011000527904327.pdf;TRAITES / ASS-BIENS / IRD_9902030015_011000527904327_v2;3;TRAITES;242368;2026-07-28T08:05:37.4346843Z
ACM;IRD_9902030015_011000527904328.pdf;pdf;PDF;\\Uf11-a03\eids-eaa-pdf-statiques\ACCESSIBILITE\ACM\TRAITES\ASS-BIENS\IRD_9902030015_011000527904328_v2\IRD_9902030015_011000527904328.pdf;TRAITES\ASS-BIENS\IRD_9902030015_011000527904328_v2\IRD_9902030015_011000527904328.pdf;TRAITES / ASS-BIENS / IRD_9902030015_011000527904328_v2;3;TRAITES;231869;2026-07-28T08:16:49.3330908Z
ACM;IRD_9902030015_011000527904330.pdf;pdf;PDF;\\Uf11-a03\eids-eaa-pdf-statiques\ACCESSIBILITE\ACM\TRAITES\ASS-BIENS\IRD_9902030015_011000527904330\IRD_9902030015_011000527904330.pdf;TRAITES\ASS-BIENS\IRD_9902030015_011000527904330\IRD_9902030015_011000527904330.pdf;TRAITES / ASS-BIENS / IRD_9902030015_011000527904330;3;TRAITES;144508;2026-07-09T09:25:36.2598336Z
ACM;IRD_9902030015_011000527904330.pdf;pdf;PDF;\\Uf11-a03\eids-eaa-pdf-statiques\ACCESSIBILITE\ACM\TRAITES\ASS-BIENS\IRD_9902030015_011000527904330 v2\IRD_9902030015_011000527904330.pdf;TRAITES\ASS-BIENS\IRD_9902030015_011000527904330 v2\IRD_9902030015_011000527904330.pdf;TRAITES / ASS-BIENS / IRD_9902030015_011000527904330 v2;3;TRAITES;228535;2026-07-28T15:36:06.4462493Z
ACM;IRD_9902030015_011000527904331.pdf;pdf;PDF;\\Uf11-a03\eids-eaa-pdf-statiques\ACCESSIBILITE\ACM\TRAITES\ASS-BIENS\IRD_9902030015_011000527904331\IRD_9902030015_011000527904331.pdf;TRAITES\ASS-BIENS\IRD_9902030015_011000527904331\IRD_9902030015_011000527904331.pdf;TRAITES / ASS-BIENS / IRD_9902030015_011000527904331;3;TRAITES;288078;2026-07-09T11:56:11.8440276Z
ACM;IRD_9902030015_011000527904331.pdf;pdf;PDF;\\Uf11-a03\eids-eaa-pdf-statiques\ACCESSIBILITE\ACM\TRAITES\ASS-BIENS\IRD_9902030015_011000527904331_v2\IRD_9902030015_011000527904331.pdf;TRAITES\ASS-BIENS\IRD_9902030015_011000527904331_v2\IRD_9902030015_011000527904331.pdf;TRAITES / ASS-BIENS / IRD_9902030015_011000527904331_v2;3;TRAITES;133596;2026-07-28T14:51:21.0795768Z
ACM;IRD_9902030015_011000527904332.pdf;pdf;PDF;\\Uf11-a03\eids-eaa-pdf-statiques\ACCESSIBILITE\ACM\TRAITES\ASS-BIENS\IRD_9902030015_011000527904332\IRD_9902030015_011000527904332.pdf;TRAITES\ASS-BIENS\IRD_9902030015_011000527904332\IRD_9902030015_011000527904332.pdf;TRAITES / ASS-BIENS / IRD_9902030015_011000527904332;3;TRAITES;255836;2026-07-09T07:54:43.6950878Z
ACM;IRD_9902030015_011000527904332.pdf;pdf;PDF;\\Uf11-a03\eids-eaa-pdf-statiques\ACCESSIBILITE\ACM\TRAITES\ASS-BIENS\IRD_9902030015_011000527904332_v2\IRD_9902030015_011000527904332.pdf;TRAITES\ASS-BIENS\IRD_9902030015_011000527904332_v2\IRD_9902030015_011000527904332.pdf;TRAITES / ASS-BIENS / IRD_9902030015_011000527904332_v2;3;TRAITES;76808;2026-07-29T07:20:43.3064930Z
ACM;IRD_9902030015_011000527904335.pdf;pdf;PDF;\\Uf11-a03\eids-eaa-pdf-statiques\ACCESSIBILITE\ACM\TRAITES\ASS-BIENS\IRD_9902030015_011000527904335\IRD_9902030015_011000527904335.pdf;TRAITES\ASS-BIENS\IRD_9902030015_011000527904335\IRD_9902030015_011000527904335.pdf;TRAITES / ASS-BIENS / IRD_9902030015_011000527904335;3;TRAITES;293671;2026-07-29T07:44:56.1287101Z
ACM;IRD_9902030015_011000527904336.pdf;pdf;PDF;\\Uf11-a03\eids-eaa-pdf-statiques\ACCESSIBILITE\ACM\TRAITES\ASS-BIENS\IRD_9902030015_011000527904336\IRD_9902030015_011000527904336.pdf;TRAITES\ASS-BIENS\IRD_9902030015_011000527904336\IRD_9902030015_011000527904336.pdf;TRAITES / ASS-BIENS / IRD_9902030015_011000527904336;3;TRAITES;258773;2026-07-29T11:38:19.5377078Z
ACM;IRD_9902030015_011000527904337.pdf;pdf;PDF;\\Uf11-a03\eids-eaa-pdf-statiques\ACCESSIBILITE\ACM\TRAITES\ASS-BIENS\IRD_9902030015_011000527904337\IRD_9902030015_011000527904337.pdf;TRAITES\ASS-BIENS\IRD_9902030015_011000527904337\IRD_9902030015_011000527904337.pdf;TRAITES / ASS-BIENS / IRD_9902030015_011000527904337;3;TRAITES;206044;2026-07-30T10:57:54.0062217Z
ACM;IRD_9902030015_011000527904338.pdf;pdf;PDF;\\Uf11-a03\eids-eaa-pdf-statiques\ACCESSIBILITE\ACM\TRAITES\ASS-BIENS\IRD_9902030015_011000527904338\IRD_9902030015_011000527904338.pdf;TRAITES\ASS-BIENS\IRD_9902030015_011000527904338\IRD_9902030015_011000527904338.pdf;TRAITES / ASS-BIENS / IRD_9902030015_011000527904338;3;TRAITES;197223;2026-07-30T08:03:01.4789508Z
ACM;IRD_9902030015_011000527904340.pdf;pdf;PDF;\\Uf11-a03\eids-eaa-pdf-statiques\ACCESSIBILITE\ACM\TRAITES\ASS-BIENS\IRD_9902030015_011000527904340\IRD_9902030015_011000527904340.pdf;TRAITES\ASS-BIENS\IRD_9902030015_011000527904340\IRD_9902030015_011000527904340.pdf;TRAITES / ASS-BIENS / IRD_9902030015_011000527904340;3;TRAITES;404800;2026-07-30T15:12:46.9205719Z
ACM;IRD_9902030015_011000527904341.pdf;pdf;PDF;\\Uf11-a03\eids-eaa-pdf-statiques\ACCESSIBILITE\ACM\TRAITES\ASS-BIENS\IRD_9902030015_011000527904341\IRD_9902030015_011000527904341.pdf;TRAITES\ASS-BIENS\IRD_9902030015_011000527904341\IRD_9902030015_011000527904341.pdf;TRAITES / ASS-BIENS / IRD_9902030015_011000527904341;3;TRAITES;232176;2026-07-30T15:50:29.5948774Z
ACM;IRD_9902030015_011000527904343.pdf;pdf;PDF;\\Uf11-a03\eids-eaa-pdf-statiques\ACCESSIBILITE\ACM\TRAITES\ASS-BIENS\IRD_9902030015_011000527904343\IRD_9902030015_011000527904343.pdf;TRAITES\ASS-BIENS\IRD_9902030015_011000527904343\IRD_9902030015_011000527904343.pdf;TRAITES / ASS-BIENS / IRD_9902030015_011000527904343;3;TRAITES;208093;2026-07-30T16:11:44.1766491Z
ACM;IRD_9902030015_011000527904344.pdf;pdf;PDF;\\Uf11-a03\eids-eaa-pdf-statiques\ACCESSIBILITE\ACM\TRAITES\ASS-BIENS\IRD_9902030015_011000527904344\IRD_9902030015_011000527904344.pdf;TRAITES\ASS-BIENS\IRD_9902030015_011000527904344\IRD_9902030015_011000527904344.pdf;TRAITES / ASS-BIENS / IRD_9902030015_011000527904344;3;TRAITES;129450;2026-07-31T09:25:51.4019962Z
ACM;IRD_9902030015_011000527904345.pdf;pdf;PDF;\\Uf11-a03\eids-eaa-pdf-statiques\ACCESSIBILITE\ACM\TRAITES\ASS-BIENS\IRD_9902030015_011000527904345\IRD_9902030015_011000527904345.pdf;TRAITES\ASS-BIENS\IRD_9902030015_011000527904345\IRD_9902030015_011000527904345.pdf;TRAITES / ASS-BIENS / IRD_9902030015_011000527904345;3;TRAITES;256939;2026-07-31T07:35:30.1353998Z
ACM;IRD_9902030015_011000532733492.pdf;pdf;PDF;\\Uf11-a03\eids-eaa-pdf-statiques\ACCESSIBILITE\ACM\TRAITES\ASS-BIENS\IRD_9902030015_011000532733492\IRD_9902030015_011000532733492.pdf;TRAITES\ASS-BIENS\IRD_9902030015_011000532733492\IRD_9902030015_011000532733492.pdf;TRAITES / ASS-BIENS / IRD_9902030015_011000532733492;3;TRAITES;134128;2026-07-02T09:33:17.5940140Z
ACM;IRD_9902030015_011000533097077.pdf;pdf;PDF;\\Uf11-a03\eids-eaa-pdf-statiques\ACCESSIBILITE\ACM\TRAITES\ASS-BIENS\IRD_9902030015_011000533097077\IRD_9902030015_011000533097077.pdf;TRAITES\ASS-BIENS\IRD_9902030015_011000533097077\IRD_9902030015_011000533097077.pdf;TRAITES / ASS-BIENS / IRD_9902030015_011000533097077;3;TRAITES;170675;2026-07-31T15:54:20.3874804Z
ACM;IRD_9902030015_011000540203887.pdf;pdf;PDF;\\Uf11-a03\eids-eaa-pdf-statiques\ACCESSIBILITE\ACM\TRAITES\ASS-BIENS\IRD_9902030015_011000540203887\IRD_9902030015_011000540203887.pdf;TRAITES\ASS-BIENS\IRD_9902030015_011000540203887\IRD_9902030015_011000540203887.pdf;TRAITES / ASS-BIENS / IRD_9902030015_011000540203887;3;TRAITES;126294;2026-07-02T09:20:05.3813001Z
ACM;IRD_9902030015_011000540204133.pdf;pdf;PDF;\\Uf11-a03\eids-eaa-pdf-statiques\ACCESSIBILITE\ACM\TRAITES\ASS-BIENS\IRD_9902030015_011000540204133\IRD_9902030015_011000540204133.pdf;TRAITES\ASS-BIENS\IRD_9902030015_011000540204133\IRD_9902030015_011000540204133.pdf;TRAITES / ASS-BIENS / IRD_9902030015_011000540204133;3;TRAITES;473810;2026-07-02T09:29:03.6049021Z
ACM;IRD_9902030015_011000540204134.pdf;pdf;PDF;\\Uf11-a03\eids-eaa-pdf-statiques\ACCESSIBILITE\ACM\TRAITES\ASS-BIENS\IRD_9902030015_011000540204134\IRD_9902030015_011000540204134.pdf;TRAITES\ASS-BIENS\IRD_9902030015_011000540204134\IRD_9902030015_011000540204134.pdf;TRAITES / ASS-BIENS / IRD_9902030015_011000540204134;3;TRAITES;233374;2026-07-31T09:48:57.9217565Z
ACM;IRD_9902030015_011000586849367.pdf;pdf;PDF;\\Uf11-a03\eids-eaa-pdf-statiques\ACCESSIBILITE\ACM\TRAITES\ASS-BIENS\IRD_9902030015_011000586849367\IRD_9902030015_011000586849367.pdf;TRAITES\ASS-BIENS\IRD_9902030015_011000586849367\IRD_9902030015_011000586849367.pdf;TRAITES / ASS-BIENS / IRD_9902030015_011000586849367;3;TRAITES;362740;2026-08-03T10:58:00.4176755Z
ACM;IRD_9902030015_011000586849368.pdf;pdf;PDF;\\Uf11-a03\eids-eaa-pdf-statiques\ACCESSIBILITE\ACM\TRAITES\ASS-BIENS\IRD_9902030015_011000586849368\IRD_9902030015_011000586849368.pdf;TRAITES\ASS-BIENS\IRD_9902030015_011000586849368\IRD_9902030015_011000586849368.pdf;TRAITES / ASS-BIENS / IRD_9902030015_011000586849368;3;TRAITES;277348;2026-08-03T10:07:19.0213249Z
ACM;IRD_9902030015_011000586849369.pdf;pdf;PDF;\\Uf11-a03\eids-eaa-pdf-statiques\ACCESSIBILITE\ACM\TRAITES\ASS-BIENS\IRD_9902030015_011000586849369\IRD_9902030015_011000586849369.pdf;TRAITES\ASS-BIENS\IRD_9902030015_011000586849369\IRD_9902030015_011000586849369.pdf;TRAITES / ASS-BIENS / IRD_9902030015_011000586849369;3;TRAITES;442378;2026-08-03T13:11:43.4494352Z
ACM;IRD_9902030015_011000625586062.pdf;pdf;PDF;\\Uf11-a03\eids-eaa-pdf-statiques\ACCESSIBILITE\ACM\TRAITES\ASS-BIENS\IRD_9902030015_011000625586062\IRD_9902030015_011000625586062.pdf;TRAITES\ASS-BIENS\IRD_9902030015_011000625586062\IRD_9902030015_011000625586062.pdf;TRAITES / ASS-BIENS / IRD_9902030015_011000625586062;3;TRAITES;275129;2026-07-31T14:12:05.2587594Z
ACM;IRD_9902030015_011000625586070.pdf;pdf;PDF;\\Uf11-a03\eids-eaa-pdf-statiques\ACCESSIBILITE\ACM\TRAITES\ASS-BIENS\IRD_9902030015_011000625586070\IRD_9902030015_011000625586070.pdf;TRAITES\ASS-BIENS\IRD_9902030015_011000625586070\IRD_9902030015_011000625586070.pdf;TRAITES / ASS-BIENS / IRD_9902030015_011000625586070;3;TRAITES;247883;2026-08-27T08:17:52.6469883Z
ACM;IRD_9902030015_011000625586072.pdf;pdf;PDF;\\Uf11-a03\eids-eaa-pdf-statiques\ACCESSIBILITE\ACM\TRAITES\ASS-BIENS\IRD_9902030015_011000625586072\IRD_9902030015_011000625586072.pdf;TRAITES\ASS-BIENS\IRD_9902030015_011000625586072\IRD_9902030015_011000625586072.pdf;TRAITES / ASS-BIENS / IRD_9902030015_011000625586072;3;TRAITES;1228954;2026-08-10T13:07:54.8660600Z
ACM;IRD_9902030015_011000625586073.pdf;pdf;PDF;\\Uf11-a03\eids-eaa-pdf-statiques\ACCESSIBILITE\ACM\TRAITES\ASS-BIENS\IRD_9902030015_011000625586073\IRD_9902030015_011000625586073.pdf;TRAITES\ASS-BIENS\IRD_9902030015_011000625586073\IRD_9902030015_011000625586073.pdf;TRAITES / ASS-BIENS / IRD_9902030015_011000625586073;3;TRAITES;1436829;2026-08-07T10:57:52.1685060Z
ACM;IRD_9902030015_011000625586075.pdf;pdf;PDF;\\Uf11-a03\eids-eaa-pdf-statiques\ACCESSIBILITE\ACM\TRAITES\ASS-BIENS\IRD_9902030015_011000625586075\IRD_9902030015_011000625586075.pdf;TRAITES\ASS-BIENS\IRD_9902030015_011000625586075\IRD_9902030015_011000625586075.pdf;TRAITES / ASS-BIENS / IRD_9902030015_011000625586075;3;TRAITES;627890;2026-08-10T14:16:18.9855250Z
ACM;IRD_9902030015_011000625586076.pdf;pdf;PDF;\\Uf11-a03\eids-eaa-pdf-statiques\ACCESSIBILITE\ACM\TRAITES\ASS-BIENS\IRD_9902030015_011000625586076\IRD_9902030015_011000625586076.pdf;TRAITES\ASS-BIENS\IRD_9902030015_011000625586076\IRD_9902030015_011000625586076.pdf;TRAITES / ASS-BIENS / IRD_9902030015_011000625586076;3;TRAITES;253213;2026-08-24T13:25:02.7879510Z
ACM;IRD_9902030015_011000625586081.pdf;pdf;PDF;\\Uf11-a03\eids-eaa-pdf-statiques\ACCESSIBILITE\ACM\TRAITES\ASS-BIENS\IRD_9902030015_011000625586081\IRD_9902030015_011000625586081.pdf;TRAITES\ASS-BIENS\IRD_9902030015_011000625586081\IRD_9902030015_011000625586081.pdf;TRAITES / ASS-BIENS / IRD_9902030015_011000625586081;3;TRAITES;1089503;2026-08-07T11:11:55.2402641Z
ACM;IRD_9902030015_011000625586084.pdf;pdf;PDF;\\Uf11-a03\eids-eaa-pdf-statiques\ACCESSIBILITE\ACM\TRAITES\ASS-BIENS\IRD_9902030015_011000625586084\IRD_9902030015_011000625586084.pdf;TRAITES\ASS-BIENS\IRD_9902030015_011000625586084\IRD_9902030015_011000625586084.pdf;TRAITES / ASS-BIENS / IRD_9902030015_011000625586084;3;TRAITES;282812;2026-08-05T09:04:50.2152464Z
ACM;IRD_9902030015_011000625586085.pdf;pdf;PDF;\\Uf11-a03\eids-eaa-pdf-statiques\ACCESSIBILITE\ACM\TRAITES\ASS-BIENS\IRD_9902030015_011000625586085\IRD_9902030015_011000625586085.pdf;TRAITES\ASS-BIENS\IRD_9902030015_011000625586085\IRD_9902030015_011000625586085.pdf;TRAITES / ASS-BIENS / IRD_9902030015_011000625586085;3;TRAITES;306482;2026-08-07T08:04:13.6862527Z
ACM;IRD_9902030015_011000625586088.pdf;pdf;PDF;\\Uf11-a03\eids-eaa-pdf-statiques\ACCESSIBILITE\ACM\TRAITES\ASS-BIENS\IRD_9902030015_011000625586088\IRD_9902030015_011000625586088.pdf;TRAITES\ASS-BIENS\IRD_9902030015_011000625586088\IRD_9902030015_011000625586088.pdf;TRAITES / ASS-BIENS / IRD_9902030015_011000625586088;3;TRAITES;298255;2026-08-07T10:31:36.0276910Z
ACM;IRD_9902030015_011000625586090.pdf;pdf;PDF;\\Uf11-a03\eids-eaa-pdf-statiques\ACCESSIBILITE\ACM\TRAITES\ASS-BIENS\IRD_9902030015_011000625586090\IRD_9902030015_011000625586090.pdf;TRAITES\ASS-BIENS\IRD_9902030015_011000625586090\IRD_9902030015_011000625586090.pdf;TRAITES / ASS-BIENS / IRD_9902030015_011000625586090;3;TRAITES;242103;2026-08-25T14:58:10.1651713Z
ACM;IRD_9902030015_011000625586103.pdf;pdf;PDF;\\Uf11-a03\eids-eaa-pdf-statiques\ACCESSIBILITE\ACM\TRAITES\ASS-BIENS\IRD_9902030015_011000625586103\IRD_9902030015_011000625586103.pdf;TRAITES\ASS-BIENS\IRD_9902030015_011000625586103\IRD_9902030015_011000625586103.pdf;TRAITES / ASS-BIENS / IRD_9902030015_011000625586103;3;TRAITES;242678;2026-08-20T16:36:15.9242207Z
ACM;IRD_9902030015_011000625586104.pdf;pdf;PDF;\\Uf11-a03\eids-eaa-pdf-statiques\ACCESSIBILITE\ACM\TRAITES\ASS-BIENS\IRD_9902030015_011000625586104\IRD_9902030015_011000625586104.pdf;TRAITES\ASS-BIENS\IRD_9902030015_011000625586104\IRD_9902030015_011000625586104.pdf;TRAITES / ASS-BIENS / IRD_9902030015_011000625586104;3;TRAITES;275906;2026-08-26T16:23:57.4134263Z
ACM;IRD_9902030015_011000625586106.pdf;pdf;PDF;\\Uf11-a03\eids-eaa-pdf-statiques\ACCESSIBILITE\ACM\TRAITES\ASS-BIENS\IRD_9902030015_011000625586106\IRD_9902030015_011000625586106.pdf;TRAITES\ASS-BIENS\IRD_9902030015_011000625586106\IRD_9902030015_011000625586106.pdf;TRAITES / ASS-BIENS / IRD_9902030015_011000625586106;3;TRAITES;1024516;2026-08-07T10:44:14.8124943Z
ACM;IRD_9902030015_011000625586107.pdf;pdf;PDF;\\Uf11-a03\eids-eaa-pdf-statiques\ACCESSIBILITE\ACM\TRAITES\ASS-BIENS\IRD_9902030015_011000625586107\IRD_9902030015_011000625586107.pdf;TRAITES\ASS-BIENS\IRD_9902030015_011000625586107\IRD_9902030015_011000625586107.pdf;TRAITES / ASS-BIENS / IRD_9902030015_011000625586107;3;TRAITES;282923;2026-08-10T13:57:52.0444220Z
ACM;IRD_9902030015_011000625586109.pdf;pdf;PDF;\\Uf11-a03\eids-eaa-pdf-statiques\ACCESSIBILITE\ACM\TRAITES\ASS-BIENS\IRD_9902030015_011000625586109\IRD_9902030015_011000625586109.pdf;TRAITES\ASS-BIENS\IRD_9902030015_011000625586109\IRD_9902030015_011000625586109.pdf;TRAITES / ASS-BIENS / IRD_9902030015_011000625586109;3;TRAITES;281389;2026-08-10T14:18:08.0154042Z
ACM;IRD_9902030015_011000625586110.pdf;pdf;PDF;\\Uf11-a03\eids-eaa-pdf-statiques\ACCESSIBILITE\ACM\TRAITES\ASS-BIENS\IRD_9902030015_011000625586110\IRD_9902030015_011000625586110.pdf;TRAITES\ASS-BIENS\IRD_9902030015_011000625586110\IRD_9902030015_011000625586110.pdf;TRAITES / ASS-BIENS / IRD_9902030015_011000625586110;3;TRAITES;231970;2026-08-25T09:17:27.4695437Z
ACM;IRD_9902030015_011000763037257.pdf;pdf;PDF;\\Uf11-a03\eids-eaa-pdf-statiques\ACCESSIBILITE\ACM\TRAITES\ASS-BIENS\IRD_9902030015_011000763037257\IRD_9902030015_011000763037257.pdf;TRAITES\ASS-BIENS\IRD_9902030015_011000763037257\IRD_9902030015_011000763037257.pdf;TRAITES / ASS-BIENS / IRD_9902030015_011000763037257;3;TRAITES;268251;2026-08-24T07:09:56.7660250Z
ACM;IRD_9902030015_011000763037258.pdf;pdf;PDF;\\Uf11-a03\eids-eaa-pdf-statiques\ACCESSIBILITE\ACM\TRAITES\ASS-BIENS\IRD_9902030015_011000763037258\IRD_9902030015_011000763037258.pdf;TRAITES\ASS-BIENS\IRD_9902030015_011000763037258\IRD_9902030015_011000763037258.pdf;TRAITES / ASS-BIENS / IRD_9902030015_011000763037258;3;TRAITES;383669;2026-08-21T13:10:36.3763465Z
ACM;IRD_9902030015_011000882672599.pdf;pdf;PDF;\\Uf11-a03\eids-eaa-pdf-statiques\ACCESSIBILITE\ACM\TRAITES\ASS-BIENS\IRD_9902030015_011000882672599\IRD_9902030015_011000882672599.pdf;TRAITES\ASS-BIENS\IRD_9902030015_011000882672599\IRD_9902030015_011000882672599.pdf;TRAITES / ASS-BIENS / IRD_9902030015_011000882672599;3;TRAITES;331647;2026-07-13T10:24:45.4611302Z
ACM;IRD_9902030015_011000882672600.pdf;pdf;PDF;\\Uf11-a03\eids-eaa-pdf-statiques\ACCESSIBILITE\ACM\TRAITES\ASS-BIENS\IRD_9902030015_011000882672600\IRD_9902030015_011000882672600.pdf;TRAITES\ASS-BIENS\IRD_9902030015_011000882672600\IRD_9902030015_011000882672600.pdf;TRAITES / ASS-BIENS / IRD_9902030015_011000882672600;3;TRAITES;441819;2026-07-10T15:53:26.9885915Z
ACM;EMP_9902030152_011000758125238.pdf;pdf;PDF;\\Uf11-a03\eids-eaa-pdf-statiques\ACCESSIBILITE\ACM\TRAITES\ASS-EMPRUNTEURS\EMP_9902030152_011000758125238\EMP_9902030152_011000758125238.pdf;TRAITES\ASS-EMPRUNTEURS\EMP_9902030152_011000758125238\EMP_9902030152_011000758125238.pdf;TRAITES / ASS-EMPRUNTEURS / EMP_9902030152_011000758125238;3;TRAITES;473861;2026-02-27T12:38:54.6774761Z
ACM;EMP_9902030152_011000767923078.pdf;pdf;PDF;\\Uf11-a03\eids-eaa-pdf-statiques\ACCESSIBILITE\ACM\TRAITES\ASS-EMPRUNTEURS\EMP_9902030152_011000767923078\EMP_9902030152_011000767923078.pdf;TRAITES\ASS-EMPRUNTEURS\EMP_9902030152_011000767923078\EMP_9902030152_011000767923078.pdf;TRAITES / ASS-EMPRUNTEURS / EMP_9902030152_011000767923078;3;TRAITES;418170;2026-02-27T12:53:30.0060459Z
ACM;EMP_9902030152_011000767923080.pdf;pdf;PDF;\\Uf11-a03\eids-eaa-pdf-statiques\ACCESSIBILITE\ACM\TRAITES\ASS-EMPRUNTEURS\EMP_9902030152_011000767923080\EMP_9902030152_011000767923080.pdf;TRAITES\ASS-EMPRUNTEURS\EMP_9902030152_011000767923080\EMP_9902030152_011000767923080.pdf;TRAITES / ASS-EMPRUNTEURS / EMP_9902030152_011000767923080;3;TRAITES;465061;2026-02-27T12:50:06.5722119Z
ACM;REVERPSYA.pdf;pdf;PDF;\\Uf11-a03\eids-eaa-pdf-statiques\ACCESSIBILITE\ACM\TRAITES\ASS-INDEMN-BIENS-PERS\REVERPSYA\REVERPSYA.pdf;TRAITES\ASS-INDEMN-BIENS-PERS\REVERPSYA\REVERPSYA.pdf;TRAITES / ASS-INDEMN-BIENS-PERS / REVERPSYA;3;TRAITES;151028;2026-06-19T15:14:36.8291542Z
ACM;COL_9902030088_011000897544883.pdf;pdf;PDF;\\Uf11-a03\eids-eaa-pdf-statiques\ACCESSIBILITE\ACM\TRAITES\ASS-PERS-COLL\COL_9902030088_011000897544883\COL_9902030088_011000897544883.pdf;TRAITES\ASS-PERS-COLL\COL_9902030088_011000897544883\COL_9902030088_011000897544883.pdf;TRAITES / ASS-PERS-COLL / COL_9902030088_011000897544883;3;TRAITES;191771;2026-09-17T08:25:52.5681412Z
ACM;COL_9902030091_0110006611497731.pdf;pdf;PDF;\\Uf11-a03\eids-eaa-pdf-statiques\ACCESSIBILITE\ACM\TRAITES\ASS-PERS-COLL\COL_9902030091_0110006611497731\COL_9902030091_0110006611497731.pdf;TRAITES\ASS-PERS-COLL\COL_9902030091_0110006611497731\COL_9902030091_0110006611497731.pdf;TRAITES / ASS-PERS-COLL / COL_9902030091_0110006611497731;3;TRAITES;516819;2026-06-26T09:14:10.2773611Z
ACM;COL_9902030092_011000709664942.pdf;pdf;PDF;\\Uf11-a03\eids-eaa-pdf-statiques\ACCESSIBILITE\ACM\TRAITES\ASS-PERS-COLL\COL_9902030092_011000709664942\COL_9902030092_011000709664942.pdf;TRAITES\ASS-PERS-COLL\COL_9902030092_011000709664942\COL_9902030092_011000709664942.pdf;TRAITES / ASS-PERS-COLL / COL_9902030092_011000709664942;3;TRAITES;122119;2026-06-29T08:02:34.1527446Z
ACM;COL_9902030098_011000733309323.pdf;pdf;PDF;\\Uf11-a03\eids-eaa-pdf-statiques\ACCESSIBILITE\ACM\TRAITES\ASS-PERS-COLL\COL_9902030098_011000733309323\COL_9902030098_011000733309323.pdf;TRAITES\ASS-PERS-COLL\COL_9902030098_011000733309323\COL_9902030098_011000733309323.pdf;TRAITES / ASS-PERS-COLL / COL_9902030098_011000733309323;3;TRAITES;650734;2026-02-24T09:54:06.7432280Z
ACM;COL_9902030098_011000744004221.pdf;pdf;PDF;\\Uf11-a03\eids-eaa-pdf-statiques\ACCESSIBILITE\ACM\TRAITES\ASS-PERS-COLL\COL_9902030098_011000744004221\COL_9902030098_011000744004221.pdf;TRAITES\ASS-PERS-COLL\COL_9902030098_011000744004221\COL_9902030098_011000744004221.pdf;TRAITES / ASS-PERS-COLL / COL_9902030098_011000744004221;3;TRAITES;153857;2026-02-24T09:50:44.8678203Z
ACM;COL_9902030098_011000764636583.pdf;pdf;PDF;\\Uf11-a03\eids-eaa-pdf-statiques\ACCESSIBILITE\ACM\TRAITES\ASS-PERS-COLL\COL_9902030098_011000764636583\COL_9902030098_011000764636583.pdf;TRAITES\ASS-PERS-COLL\COL_9902030098_011000764636583\COL_9902030098_011000764636583.pdf;TRAITES / ASS-PERS-COLL / COL_9902030098_011000764636583;3;TRAITES;154616;2026-02-24T09:34:24.4200324Z
ACM;COL_9902030098_011000823633462.pdf;pdf;PDF;\\Uf11-a03\eids-eaa-pdf-statiques\ACCESSIBILITE\ACM\TRAITES\ASS-PERS-COLL\COL_9902030098_011000823633462\COL_9902030098_011000823633462.pdf;TRAITES\ASS-PERS-COLL\COL_9902030098_011000823633462\COL_9902030098_011000823633462.pdf;TRAITES / ASS-PERS-COLL / COL_9902030098_011000823633462;3;TRAITES;306382;2026-06-30T13:12:36.8769740Z
ACM;COL_9902030098_011000823633463.pdf;pdf;PDF;\\Uf11-a03\eids-eaa-pdf-statiques\ACCESSIBILITE\ACM\TRAITES\ASS-PERS-COLL\COL_9902030098_011000823633463\COL_9902030098_011000823633463.pdf;TRAITES\ASS-PERS-COLL\COL_9902030098_011000823633463\COL_9902030098_011000823633463.pdf;TRAITES / ASS-PERS-COLL / COL_9902030098_011000823633463;3;TRAITES;419866;2026-06-30T13:20:15.5601440Z
ACM;COL_9902030098_011000823633464.pdf;pdf;PDF;\\Uf11-a03\eids-eaa-pdf-statiques\ACCESSIBILITE\ACM\TRAITES\ASS-PERS-COLL\COL_9902030098_011000823633464\COL_9902030098_011000823633464.pdf;TRAITES\ASS-PERS-COLL\COL_9902030098_011000823633464\COL_9902030098_011000823633464.pdf;TRAITES / ASS-PERS-COLL / COL_9902030098_011000823633464;3;TRAITES;868641;2026-06-30T13:01:13.6878117Z
ACM;COL_9902030098_011000823633465.pdf;pdf;PDF;\\Uf11-a03\eids-eaa-pdf-statiques\ACCESSIBILITE\ACM\TRAITES\ASS-PERS-COLL\COL_9902030098_011000823633465\COL_9902030098_011000823633465.pdf;TRAITES\ASS-PERS-COLL\COL_9902030098_011000823633465\COL_9902030098_011000823633465.pdf;TRAITES / ASS-PERS-COLL / COL_9902030098_011000823633465;3;TRAITES;760432;2026-06-30T09:13:37.6520357Z
ACM;COL_9902030098_011000823633466.pdf;pdf;PDF;\\Uf11-a03\eids-eaa-pdf-statiques\ACCESSIBILITE\ACM\TRAITES\ASS-PERS-COLL\COL_9902030098_011000823633466\COL_9902030098_011000823633466.pdf;TRAITES\ASS-PERS-COLL\COL_9902030098_011000823633466\COL_9902030098_011000823633466.pdf;TRAITES / ASS-PERS-COLL / COL_9902030098_011000823633466;3;TRAITES;934267;2026-06-30T14:58:35.7322634Z
ACM;COL_9902030098_011000823633467.pdf;pdf;PDF;\\Uf11-a03\eids-eaa-pdf-statiques\ACCESSIBILITE\ACM\TRAITES\ASS-PERS-COLL\COL_9902030098_011000823633467\COL_9902030098_011000823633467.pdf;TRAITES\ASS-PERS-COLL\COL_9902030098_011000823633467\COL_9902030098_011000823633467.pdf;TRAITES / ASS-PERS-COLL / COL_9902030098_011000823633467;3;TRAITES;1035999;2026-07-01T07:54:52.9992453Z
ACM;COL_9902030146_011000897544884.pdf;pdf;PDF;\\Uf11-a03\eids-eaa-pdf-statiques\ACCESSIBILITE\ACM\TRAITES\ASS-PERS-COLL\COL_9902030146_011000897544884\COL_9902030146_011000897544884.pdf;TRAITES\ASS-PERS-COLL\COL_9902030146_011000897544884\COL_9902030146_011000897544884.pdf;TRAITES / ASS-PERS-COLL / COL_9902030146_011000897544884;3;TRAITES;497509;2026-09-17T15:08:19.3369031Z
ACM;IPID Complémentaire Santé Part 062026.pdf;pdf;PDF;\\Uf11-a03\eids-eaa-pdf-statiques\ACCESSIBILITE\ACM\TRAITES\ASS-PERS-IND\IPID Complémentaire Santé Part 062026\IPID Complémentaire Santé Part 062026.pdf;TRAITES\ASS-PERS-IND\IPID Complémentaire Santé Part 062026\IPID Complémentaire Santé Part 062026.pdf;TRAITES / ASS-PERS-IND / IPID Complémentaire Santé Part 062026;3;TRAITES;269543;2026-06-26T09:36:19.2158475Z
ACM;P1_IPID_Cofidis-France_10-2026.pdf;pdf;PDF;\\Uf11-a03\eids-eaa-pdf-statiques\ACCESSIBILITE\ACM\TRAITES\ASS-PERS-IND\P1_IPID_Cofidis-France_10-2026\P1_IPID_Cofidis-France_10-2026.pdf;TRAITES\ASS-PERS-IND\P1_IPID_Cofidis-France_10-2026\P1_IPID_Cofidis-France_10-2026.pdf;TRAITES / ASS-PERS-IND / P1_IPID_Cofidis-France_10-2026;3;TRAITES;176411;2026-06-08T11:22:56.6202888Z
ACM;P1_IPID_Monabanq_10-2026.pdf;pdf;PDF;\\Uf11-a03\eids-eaa-pdf-statiques\ACCESSIBILITE\ACM\TRAITES\ASS-PERS-IND\P1_IPID_Monabanq_10-2026\P1_IPID_Monabanq_10-2026.pdf;TRAITES\ASS-PERS-IND\P1_IPID_Monabanq_10-2026\P1_IPID_Monabanq_10-2026.pdf;TRAITES / ASS-PERS-IND / P1_IPID_Monabanq_10-2026;3;TRAITES;198422;2026-06-08T08:25:45.3223708Z
ACM;P1_Notice_Cofidis-France_10-2026.pdf;pdf;PDF;\\Uf11-a03\eids-eaa-pdf-statiques\ACCESSIBILITE\ACM\TRAITES\ASS-PERS-IND\P1_Notice_Cofidis-France_10-2026\P1_Notice_Cofidis-France_10-2026.pdf;TRAITES\ASS-PERS-IND\P1_Notice_Cofidis-France_10-2026\P1_Notice_Cofidis-France_10-2026.pdf;TRAITES / ASS-PERS-IND / P1_Notice_Cofidis-France_10-2026;3;TRAITES;361970;2026-06-08T14:39:24.2478898Z
ACM;P1_Notice_Monabanq_10-2026.pdf;pdf;PDF;\\Uf11-a03\eids-eaa-pdf-statiques\ACCESSIBILITE\ACM\TRAITES\ASS-PERS-IND\P1_Notice_Monabanq_10-2026\P1_Notice_Monabanq_10-2026.pdf;TRAITES\ASS-PERS-IND\P1_Notice_Monabanq_10-2026\P1_Notice_Monabanq_10-2026.pdf;TRAITES / ASS-PERS-IND / P1_Notice_Monabanq_10-2026;3;TRAITES;512431;2026-06-08T15:30:08.3989024Z
ACM;P2_IPID_Cofidis-France_10-2026.pdf;pdf;PDF;\\Uf11-a03\eids-eaa-pdf-statiques\ACCESSIBILITE\ACM\TRAITES\ASS-PERS-IND\P2_IPID_Cofidis-France_10-2026\P2_IPID_Cofidis-France_10-2026.pdf;TRAITES\ASS-PERS-IND\P2_IPID_Cofidis-France_10-2026\P2_IPID_Cofidis-France_10-2026.pdf;TRAITES / ASS-PERS-IND / P2_IPID_Cofidis-France_10-2026;3;TRAITES;215719;2026-06-09T07:46:16.1657480Z
ACM;P2_IPID_Monabanq_10-2026.pdf;pdf;PDF;\\Uf11-a03\eids-eaa-pdf-statiques\ACCESSIBILITE\ACM\TRAITES\ASS-PERS-IND\P2_IPID_Monabanq_10-2026\P2_IPID_Monabanq_10-2026.pdf;TRAITES\ASS-PERS-IND\P2_IPID_Monabanq_10-2026\P2_IPID_Monabanq_10-2026.pdf;TRAITES / ASS-PERS-IND / P2_IPID_Monabanq_10-2026;3;TRAITES;208824;2026-06-08T16:17:44.0490966Z
ACM;PZ_IPID_ACM-IARD_06-2026.pdf;pdf;PDF;\\Uf11-a03\eids-eaa-pdf-statiques\ACCESSIBILITE\ACM\TRAITES\ASS-PERS-IND\PZ_IPID_ACM-IARD_06-2026\PZ_IPID_ACM-IARD_06-2026.pdf;TRAITES\ASS-PERS-IND\PZ_IPID_ACM-IARD_06-2026\PZ_IPID_ACM-IARD_06-2026.pdf;TRAITES / ASS-PERS-IND / PZ_IPID_ACM-IARD_06-2026;3;TRAITES;220875;2026-06-08T16:22:42.6132729Z
ACM;SAN_9902020008_011000745243123.pdf;pdf;PDF;\\Uf11-a03\eids-eaa-pdf-statiques\ACCESSIBILITE\ACM\TRAITES\ASS-PERS-IND\SAN_9902020008_011000745243123\SAN_9902020008_011000745243123.pdf;TRAITES\ASS-PERS-IND\SAN_9902020008_011000745243123\SAN_9902020008_011000745243123.pdf;TRAITES / ASS-PERS-IND / SAN_9902020008_011000745243123;3;TRAITES;600040;2026-02-25T10:14:34.1919989Z
ACM;SAN_9902020008_011000745243123.pdf;pdf;PDF;\\Uf11-a03\eids-eaa-pdf-statiques\ACCESSIBILITE\ACM\TRAITES\ASS-PERS-IND\SAN_9902020008_011000745243123-V2\SAN_9902020008_011000745243123.pdf;TRAITES\ASS-PERS-IND\SAN_9902020008_011000745243123-V2\SAN_9902020008_011000745243123.pdf;TRAITES / ASS-PERS-IND / SAN_9902020008_011000745243123-V2;3;TRAITES;553518;2026-05-26T16:03:22.0867063Z
ACM;SAN_9902030030_011000710963634.pdf;pdf;PDF;\\Uf11-a03\eids-eaa-pdf-statiques\ACCESSIBILITE\ACM\TRAITES\ASS-PERS-IND\SAN_9902030030_011000710963634\SAN_9902030030_011000710963634.pdf;TRAITES\ASS-PERS-IND\SAN_9902030030_011000710963634\SAN_9902030030_011000710963634.pdf;TRAITES / ASS-PERS-IND / SAN_9902030030_011000710963634;3;TRAITES;365841;2026-02-27T08:49:02.7964700Z
ACM;SAN_9902030030_011000710963677.pdf;pdf;PDF;\\Uf11-a03\eids-eaa-pdf-statiques\ACCESSIBILITE\ACM\TRAITES\ASS-PERS-IND\SAN_9902030030_011000710963677\SAN_9902030030_011000710963677.pdf;TRAITES\ASS-PERS-IND\SAN_9902030030_011000710963677\SAN_9902030030_011000710963677.pdf;TRAITES / ASS-PERS-IND / SAN_9902030030_011000710963677;3;TRAITES;826287;2026-02-27T08:46:30.6484300Z
ACM;SAN_9902030030_011000710963708.pdf;pdf;PDF;\\Uf11-a03\eids-eaa-pdf-statiques\ACCESSIBILITE\ACM\TRAITES\ASS-PERS-IND\SAN_9902030030_011000710963708\SAN_9902030030_011000710963708.pdf;TRAITES\ASS-PERS-IND\SAN_9902030030_011000710963708\SAN_9902030030_011000710963708.pdf;TRAITES / ASS-PERS-IND / SAN_9902030030_011000710963708;3;TRAITES;544637;2026-02-27T12:32:11.5443155Z
ACM;SAN_9902030032_011000745243124.pdf;pdf;PDF;\\Uf11-a03\eids-eaa-pdf-statiques\ACCESSIBILITE\ACM\TRAITES\ASS-PERS-IND\SAN_9902030032_011000745243124\SAN_9902030032_011000745243124.pdf;TRAITES\ASS-PERS-IND\SAN_9902030032_011000745243124\SAN_9902030032_011000745243124.pdf;TRAITES / ASS-PERS-IND / SAN_9902030032_011000745243124;3;TRAITES;543603;2026-06-08T07:54:47.3593110Z
ACM;SAN_9902030040_011000804912294.pdf;pdf;PDF;\\Uf11-a03\eids-eaa-pdf-statiques\ACCESSIBILITE\ACM\TRAITES\ASS-PERS-IND\SAN_9902030040_011000804912294\SAN_9902030040_011000804912294.pdf;TRAITES\ASS-PERS-IND\SAN_9902030040_011000804912294\SAN_9902030040_011000804912294.pdf;TRAITES / ASS-PERS-IND / SAN_9902030040_011000804912294;3;TRAITES;254938;2026-02-20T10:41:53.8268640Z
ACM;SAN_9902030040_011000804912412.pdf;pdf;PDF;\\Uf11-a03\eids-eaa-pdf-statiques\ACCESSIBILITE\ACM\TRAITES\ASS-PERS-IND\SAN_9902030040_011000804912412\SAN_9902030040_011000804912412.pdf;TRAITES\ASS-PERS-IND\SAN_9902030040_011000804912412\SAN_9902030040_011000804912412.pdf;TRAITES / ASS-PERS-IND / SAN_9902030040_011000804912412;3;TRAITES;354959;2026-02-20T09:16:55.5209929Z
ACM;SAN_9902030040_011000804912506.pdf;pdf;PDF;\\Uf11-a03\eids-eaa-pdf-statiques\ACCESSIBILITE\ACM\TRAITES\ASS-PERS-IND\SAN_9902030040_011000804912506\SAN_9902030040_011000804912506.pdf;TRAITES\ASS-PERS-IND\SAN_9902030040_011000804912506\SAN_9902030040_011000804912506.pdf;TRAITES / ASS-PERS-IND / SAN_9902030040_011000804912506;3;TRAITES;295333;2026-02-20T10:14:34.1444396Z
ACM;SAN_9902030053_011000789059347.pdf;pdf;PDF;\\Uf11-a03\eids-eaa-pdf-statiques\ACCESSIBILITE\ACM\TRAITES\ASS-PERS-IND\SAN_9902030053_011000789059347\SAN_9902030053_011000789059347.pdf;TRAITES\ASS-PERS-IND\SAN_9902030053_011000789059347\SAN_9902030053_011000789059347.pdf;TRAITES / ASS-PERS-IND / SAN_9902030053_011000789059347;3;TRAITES;693003;2026-02-24T10:31:29.5252989Z
ACM;PJU_9902030015_011000715122529.pdf;pdf;PDF;\\Uf11-a03\eids-eaa-pdf-statiques\ACCESSIBILITE\ACM\TRAITES\ASS-PROTECTION-JUR\PJU_9902030015_011000715122529\PJU_9902030015_011000715122529.pdf;TRAITES\ASS-PROTECTION-JUR\PJU_9902030015_011000715122529\PJU_9902030015_011000715122529.pdf;TRAITES / ASS-PROTECTION-JUR / PJU_9902030015_011000715122529;3;TRAITES;234922;2026-07-16T13:36:52.1382244Z
ACM;PJU_9902030015_011000715122531.pdf;pdf;PDF;\\Uf11-a03\eids-eaa-pdf-statiques\ACCESSIBILITE\ACM\TRAITES\ASS-PROTECTION-JUR\PJU_9902030015_011000715122531\PJU_9902030015_011000715122531.pdf;TRAITES\ASS-PROTECTION-JUR\PJU_9902030015_011000715122531\PJU_9902030015_011000715122531.pdf;TRAITES / ASS-PROTECTION-JUR / PJU_9902030015_011000715122531;3;TRAITES;1761807;2026-09-28T15:04:29.4178241Z
